block,patch,corner,distance,plant_ID,sampling_round,date,start_time,focal_count,floral_species,floral_code,number_individuals,avg_1,avg_2,avg_3,avg_4,avg_5,avg_6,avg_7,avg_8,avg_9,avg_10,notes
8,D,II,1,8.D.II.1,1,9/8/23,7:55,4,Chamaecrista spp.,CHASPP,87,8,12,2,2,1,2,1,4,10,4,
8,D,II,1,8.D.II.1,1,9/8/23,7:55,4,Croptilon divaricatum,CRODIV,6,2,2,3,1,1,1,,,,,
8,D,II,1,8.D.II.1,1,9/8/23,7:55,4,Centrosema virginianum,CENVIR,4,1,1,1,1,,,,,,,
8,D,II,1,8.D.II.1,1,9/8/23,7:55,4,Eupatorium spp.,EUPSPP,1,292,,,,,,,,,,
8,D,IV,3,8.D.IV.3,1,9/8/23,8:21,1,Chamaecrista spp.,CHASPP,28,2,3,1,9,20,9,7,34,11,3,
8,D,IV,3,8.D.IV.3,1,9/8/23,8:21,1,Desmodium spp.,DESSPP,3,1,52,36,,,,,,,,
8,E,IV,1,8.E.IV.1RECRUIT,1,9/8/23,12:28,3,Carphephorus bellidifolius,CARBEL,1,2,,,,,,,,,,
8,E,IV,1,8.E.IV.1RECRUIT,1,9/8/23,12:28,3,Hypericum hypericoides,HYPHYP,1,1,,,,,,,,,,
8,E,IV,1,8.E.IV.1RECRUIT,1,9/8/23,12:28,3,Eupatorium spp.,EUPSPP,6,14,3,33,3,49,29,,,,,
8,E,IV,1,8.E.IV.1RECRUIT,1,9/8/23,12:28,3,Chamaecrista spp.,CHASPP,10,3,1,2,2,2,6,5,8,2,3,
8,E,IV,1,8.E.IV.1RECRUIT,1,9/8/23,12:28,3,Centrosema virginianum,CENVIR,3,1,1,1,,,,,,,,
8,E,IV,1,8.E.IV.1RECRUIT,1,9/8/23,12:28,3,Croptilon divaricatum,CRODIV,1,1,,,,,,,,,,
8,E,IV,1,8.E.IV.1RECRUIT,1,9/8/23,12:28,3,Desmodium spp.,DESSPP,1,19,,,,,,,,,,
8,E,IV,1,8.E.IV.1RECRUIT,1,9/8/23,12:28,3,Pityopsis graminifolia,PITGRA,1,1,,,,,,,,,,
8,E,IV,1,8.E.IV.1RECRUIT,1,9/8/23,12:28,3,Hieracium gronovii,HIEGRO,1,1,,,,,,,,,,
8,E,III,3,8.E.III.3RECRUIT,1,9/8/23,11:39,3,Hypericum gentianoides,HYPGEN,46,6,2,2,9,13,2,1,1,2,6,
8,E,III,3,8.E.III.3RECRUIT,1,9/8/23,11:39,3,Chamaecrista spp.,CHASPP,12,16,1,2,23,21,6,3,1,1,4,
8,E,III,3,8.E.III.3RECRUIT,1,9/8/23,11:39,3,Eupatorium spp.,EUPSPP,2,41,36,,,,,,,,,
8,E,III,3,8.E.III.3RECRUIT,1,9/8/23,11:39,3,Erigeron canadensis,ERICAN,1,2,,,,,,,,,,
8,E,III,3,8.E.III.3RECRUIT,1,9/8/23,11:39,3,Rhus copallinum,RHUCOP,1,127,,,,,,,,,,
8,E,III,3,8.E.III.3RECRUIT,1,9/8/23,11:39,3,Desmodium spp.,DESSPP,2,19,24,,,,,,,,,
8,E,IV,0,8.E.IV.0,1,9/8/23,12:20,2,Carphephorus bellidifolius,CARBEL,2,2,3,,,,,,,,,
8,E,IV,0,8.E.IV.0,1,9/8/23,12:20,2,Chamaecrista spp.,CHASPP,25,2,3,1,2,3,4,2,2,6,2,
8,E,IV,0,8.E.IV.0,1,9/8/23,12:20,2,Croptilon divaricatum,CRODIV,2,2,1,,,,,,,,,
8,E,IV,0,8.E.IV.0,1,9/8/23,12:20,2,Centrosema virginianum,CENVIR,1,1,,,,,,,,,,
8,E,IV,0,8.E.IV.0,1,9/8/23,12:20,2,Eupatorium spp.,EUPSPP,1,42,,,,,,,,,,
8,C,II,3,8.C.II.3,1,9/8/23,9:09,3,Hypericum gentianoides,HYPGEN,33,10,5,12,2,2,3,2,1,5,,
8,C,II,3,8.C.II.3,1,9/8/23,9:09,3,Chamaecrista spp.,CHASPP,9,1,1,1,1,2,2,2,4,2,,
8,C,II,3,8.C.II.3,1,9/8/23,9:09,3,Eupatorium spp.,EUPSPP,3,22,3,2,,,,,,,,
8,B,IV,0,8.B.IV.0,1,9/8/23,9:36,5,Desmodium spp.,DESSPP,1,9,,,,,,,,,,
8,C,IV,1,8.C.IV.1,1,9/8/23,8:50,2,Centrosema virginianum,CENVIR,1,1,,,,,,,,,,
8,C,IV,1,8.C.IV.1,1,9/8/23,8:50,2,Chamaecrista spp.,CHASPP,5,3,6,2,6,2,,,,,,
8,C,IV,1,8.C.IV.1,1,9/8/23,8:50,2,Carphephorus bellidifolius,CARBEL,1,1,,,,,,,,,,
8,C,IV,1,8.C.IV.1,1,9/8/23,8:50,2,Hypericum gentianoides,HYPGEN,3,7,6,2,,,,,,,,
8,C,IV,1,8.C.IV.1,1,9/8/23,8:50,2,Desmodium spp.,DESSPP,1,3,,,,,,,,,,
8,C,IV,3,8.C.IV.3,1,9/8/23,8:59,2,Chamaecrista spp.,CHASPP,2,2,4,,,,,,,,,
8,C,IV,3,8.C.IV.3,1,9/8/23,8:59,2,Hypericum gentianoides,HYPGEN,7,4,24,1,4,1,3,3,,,,
8,C,IV,3,8.C.IV.3,1,9/8/23,8:59,2,Desmodium spp.,DESSPP,1,6,,,,,,,,,,
8,C,IV,3,8.C.IV.3,1,9/8/23,8:59,2,Solidago spp.,SOLSPP,3,44,20,22,,,,,,,,
8,C,IV,3,8.C.IV.3,1,9/8/23,8:59,2,Agalinis spp.,AGASPP,2,1,2,,,,,,,,,
8,B,IV,2,8.B.IV.1-2,1,9/8/23,9:42,2,Chamaecrista spp.,CHASPP,4,2,1,3,3,,,,,,,
8,B,IV,2,8.B.IV.1-2,1,9/8/23,9:42,2,Eupatorium spp.,EUPSPP,2,62,414,,,,,,,,,
8,B,IV,2,8.B.IV.1-2,1,9/8/23,9:42,2,Hypericum gentianoides,HYPGEN,6,12,2,7,2,24,3,,,,,
8,B,IV,2,8.B.IV.1-2,1,9/8/23,9:42,2,Erigeron canadensis,ERICAN,1,1,,,,,,,,,,
8,B,II,0,8.B.II.0,1,9/8/23,9:42,6,Eupatorium spp.,EUPSPP,4,6,22,66,123,,,,,,,
8,B,II,0,8.B.II.0,1,9/8/23,9:42,6,Chamaecrista spp.,CHASPP,2,3,1,,,,,,,,,
8,B,II,0,8.B.II.0,1,9/8/23,9:42,6,Centrosema virginianum,CENVIR,5,2,1,1,1,1,,,,,,
8,B,II,0,8.B.II.0,1,9/8/23,9:42,6,Stylosanthes biflora,STYBIF,3,2,2,1,,,,,,,,
8,B,II,0,8.B.II.0,1,9/8/23,9:42,6,Polypremum procumbens,POLPRO,2,1,2,,,,,,,,,
8,B,II,0,8.B.II.0,1,9/8/23,9:42,6,Liatris spp.,LIASPP,13,20,7,10,8,14,3,8,2,7,12,
10,C,I,1,10.C.I.1,1,9/8/23,8:20,8,Hypericum gentianoides,HYPGEN,24,3,1,1,6,7,7,6,7,7,1,
10,C,I,1,10.C.I.1,1,9/8/23,8:20,8,Stylisma spp.,STYSPP,2,4,3,,,,,,,,,
10,C,I,1,10.C.I.1,1,9/8/23,8:20,8,Pityopsis graminifolia,PITGRA,1,2,,,,,,,,,,
10,C,I,1,10.C.I.1,1,9/8/23,8:20,8,Commelina erecta,COMERE,2,1,1,,,,,,,,,
10,C,I,1,10.C.I.1,1,9/8/23,8:20,8,Liatris spp.,LIASPP,2,18,9,,,,,,,,,
10,C,I,1,10.C.I.1,1,9/8/23,8:20,8,Carphephorus bellidifolius,CARBEL,1,3,,,,,,,,,,
10,E,III,0,10.E.III.0,1,9/8/23,8:53,13,Chamaecrista spp.,CHASPP,18,4,6,20,7,7,6,3,12,6,11,
10,E,III,0,10.E.III.0,1,9/8/23,8:53,13,Pityopsis graminifolia,PITGRA,1,1,,,,,,,,,,
10,D,IV,1,10.D.IV.1,1,9/8/23,7:57,3,Liatris spp.,LIASPP,2,7,8,,,,,,,,,
10,D,IV,1,10.D.IV.1,1,9/8/23,7:57,3,Hypericum gentianoides,HYPGEN,4,2,4,1,1,,,,,,,
10,D,IV,1,10.D.IV.1,1,9/8/23,7:57,3,Carphephorus bellidifolius,CARBEL,3,3,1,8,,,,,,,,
10,D,IV,1,10.D.IV.1,1,9/8/23,7:57,3,Chamaecrista spp.,CHASPP,1,2,,,,,,,,,,
10,D,IV,1,10.D.IV.1,1,9/8/23,7:57,3,Pityopsis graminifolia,PITGRA,1,1,,,,,,,,,,
10,B,II,0,10.B.II.0,1,9/10/23,9:49,2,Eriogonum tomentosum,ERITOM,1,72,,,,,,,,,,
10,B,II,0,10.B.II.0,1,9/10/23,9:49,2,Hypericum hypericoides,HYPHYP,1,3,,,,,,,,,,
10,B,II,0,10.B.II.0,1,9/10/23,9:49,2,Hypericum gentianoides,HYPGEN,5,7,2,3,2,2,,,,,,
10,E,I,0,10.E.I.0,1,9/10/23,9:03,2,Chamaecrista spp.,CHASPP,15,4,1,5,3,4,9,2,2,1,3,
10,E,I,0,10.E.I.0,1,9/10/23,9:03,2,Hypericum hypericoides,HYPHYP,1,1,,,,,,,,,,
10,E,I,0,10.E.I.0,1,9/10/23,9:03,2,Polypremum procumbens,POLPRO,117,1,1,1,1,1,1,1,1,1,1,
10,E,I,0,10.E.I.0,1,9/10/23,9:03,2,Hypericum gentianoides,HYPGEN,3,2,2,7,,,,,,,,
10,E,IV,1,10.E.IV.1,1,9/10/23,9:16,5,Chamaecrista spp.,CHASPP,8,3,10,3,2,4,9,2,4,,,
10,E,IV,1,10.E.IV.1,1,9/10/23,9:16,5,Diodia teres,DIOTER,4,3,1,2,1,,,,,,,
10,E,IV,1,10.E.IV.1,1,9/10/23,9:16,5,Pityopsis graminifolia,PITGRA,1,1,,,,,,,,,,
53N,D,III,2,53N.D.III.2,1,9/10/23,9:52,2,Carphephorus bellidifolius,CARBEL,3,12,1,3,,,,,,,,
53N,D,III,2,53N.D.III.2,1,9/10/23,9:52,2,Chamaecrista spp.,CHASPP,5,2,4,3,4,4,,,,,,
53N,D,III,2,53N.D.III.2,1,9/10/23,9:52,2,Hypericum gentianoides,HYPGEN,20,2,1,2,4,3,4,1,3,1,3,
53N,D,III,2,53N.D.III.2,1,9/10/23,9:52,2,Hypericum hypericoides,HYPHYP,1,1,,,,,,,,,,
53N,D,III,2,53N.D.III.2,1,9/10/23,9:52,2,Commelina erecta,COMERE,1,1,,,,,,,,,,
53N,D,III,2,53N.D.III.2,1,9/10/23,9:52,2,Polypremum procumbens,POLPRO,4,1,4,2,2,,,,,,,
53N,D,III,2,53N.D.III.2,1,9/10/23,9:52,2,Desmodium spp.,DESSPP,2,5,7,,,,,,,,,
53N,D,III,2,53N.D.III.2,1,9/10/23,9:52,2,Eupatorium spp.,EUPSPP,3,145,102,15,,,,,,,,
53N,D,III,2,53N.D.III.2,1,9/10/23,9:52,2,Croptilon divaricatum,CRODIV,1,1,,,,,,,,,,
53N,D,III,2,53N.D.III.2,1,9/10/23,9:52,2,Tephrosia spp.,TEPSPP,1,2,,,,,,,,,,
53N,C,II,3,53N.C.II.3,1,9/10/23,10:16,1,Carphephorus bellidifolius,CARBEL,1,1,,,,,,,,,,
53N,C,II,3,53N.C.II.3,1,9/10/23,10:16,1,Sericocarpus tortifolius,SERTOR,16,3,1,8,7,12,5,10,11,15,9,
53N,C,II,3,53N.C.II.3,1,9/10/23,10:16,1,Hypericum gentianoides,HYPGEN,10,9,1,2,2,2,1,2,1,1,1,
53N,C,II,3,53N.C.II.3,1,9/10/23,10:16,1,Stylosanthes biflora,STYBIF,3,2,1,1,,,,,,,,
53N,C,II,3,53N.C.II.3,1,9/10/23,10:16,1,Eupatorium spp.,EUPSPP,1,66,,,,,,,,,,
53N,C,II,3,53N.C.II.3,1,9/10/23,10:16,1,Stylisma spp.,STYSPP,1,4,,,,,,,,,,
53N,D,II,1,53N.D.II.1,1,9/10/23,9:24,1,Hypericum gentianoides,HYPGEN,122,4,7,2,2,1,10,2,18,8,4,
53N,D,II,1,53N.D.II.1,1,9/10/23,9:24,1,Centrosema virginianum,CENVIR,4,1,1,1,2,,,,,,,
53N,D,II,1,53N.D.II.1,1,9/10/23,9:24,1,Eupatorium spp.,EUPSPP,5,61,108,71,143,48,,,,,,
53N,D,II,1,53N.D.II.1,1,9/10/23,9:24,1,Richardia brasiliensis,RICBRA,1,1,,,,,,,,,,
53N,D,II,1,53N.D.II.1,1,9/10/23,9:24,1,Lespedeza spp.,LESSPP,5,24,7,1,11,,,,,,,
53N,D,II,1,53N.D.II.1,1,9/10/23,9:24,1,Croptilon divaricatum,CRODIV,4,2,1,1,1,,,,,,,
53N,D,II,1,53N.D.II.1,1,9/10/23,9:24,1,Desmodium spp.,DESSPP,2,18,49,,,,,,,,,
53N,D,II,1,53N.D.II.1,1,9/10/23,9:24,1,Hieracium gronovii,HIEGRO,1,2,,,,,,,,,,
53S,B,IV,3,53S.B.IV.3,1,9/10/23,11:35,1,Desmodium spp.,DESSPP,5,12,11,2,7,5,,,,,,
53S,B,IV,3,53S.B.IV.3,1,9/10/23,11:35,1,Hieracium gronovii,HIEGRO,1,2,,,,,,,,,,
53S,B,IV,3,53S.B.IV.3,1,9/10/23,11:35,1,Eupatorium spp.,EUPSPP,2,23,13,,,,,,,,,
53S,B,IV,3,53S.B.IV.3,1,9/10/23,11:35,1,Hypericum gentianoides,HYPGEN,6,1,4,15,25,2,2,,,,,
53S,B,IV,3,53S.B.IV.3,1,9/10/23,11:35,1,Chamaecrista spp.,CHASPP,2,23,13,,,,,,,,,
53S,C,II,3,53S.C.II.3,1,9/10/23,11:56,2,Hypericum gentianoides,HYPGEN,12,1,2,1,7,3,5,5,5,3,5,
53S,C,II,3,53S.C.II.3,1,9/10/23,11:56,2,Hieracium gronovii,HIEGRO,1,2,,,,,,,,,,
53S,C,II,3,53S.C.II.3,1,9/10/23,11:56,2,Chamaecrista spp.,CHASPP,1,2,,,,,,,,,,
53S,C,II,3,53S.C.II.3,1,9/10/23,11:56,2,Eupatorium spp.,EUPSPP,2,38,68,,,,,,,,,
53S,C,II,3,53S.C.II.3,1,9/10/23,11:56,2,Lespedeza spp.,LESSPP,3,29,40,9,,,,,,,,
53S,C,II,3,53S.C.II.3,1,9/10/23,11:56,2,Desmodium spp.,DESSPP,1,3,,,,,,,,,,
53S,E,III,2,53S.E.III.2RECRUIT,1,9/10/23,1:49,1,Sericocarpus tortifolius,SERTOR,47,9,23,4,21,7,13,18,4,1,4,
53S,E,III,2,53S.E.III.2RECRUIT,1,9/10/23,1:49,1,Desmodium spp.,DESSPP,7,7,22,25,18,8,7,,,,,
53S,E,III,2,53S.E.III.2RECRUIT,1,9/10/23,1:49,1,Chamaecrista spp.,CHASPP,38,10,6,7,5,20,5,10,12,13,2,
53S,E,III,2,53S.E.III.2RECRUIT,1,9/10/23,1:49,1,Lespedeza spp.,LESSPP,2,36,15,,,,,,,,,
53S,E,III,2,53S.E.III.2RECRUIT,1,9/10/23,1:49,1,Hieracium gronovii,HIEGRO,3,1,2,3,,,,,,,,
53S,E,III,2,53S.E.III.2RECRUIT,1,9/10/23,1:49,1,Agalinis spp.,AGASPP,1,13,,,,,,,,,,
52,E,IV,3,52.E.IV.3,1,9/10/23,2:04,1,Sericocarpus tortifolius,SERTOR,96,98,37,33,22,7,7,6,25,34,11,
52,E,IV,3,52.E.IV.3,1,9/10/23,2:04,1,Hypericum gentianoides,HYPGEN,2,2,4,,,,,,,,,
52,E,IV,3,52.E.IV.3,1,9/10/23,2:04,1,Sabatia spp.,SABSPP,4,4,22,12,7,,,,,,,
52,E,IV,3,52.E.IV.3,1,9/10/23,2:04,1,Liatris spp.,LIASPP,8,1,6,10,1,19,17,7,4,,,
52,C,I,1,52.C.I.1,1,9/13/23,11:05,3,Pityopsis graminifolia,PITGRA,22,1,1,1,1,1,2,1,1,2,1,
52,C,I,1,52.C.I.1,1,9/13/23,11:05,3,Hypericum gentianoides,HYPGEN,9,1,3,5,4,9,3,1,4,3,,
52,C,I,1,52.C.I.1,1,9/13/23,11:05,3,Sericocarpus tortifolius,SERTOR,1,3,,,,,,,,,,
52,C,I,1,52.C.I.1,1,9/13/23,11:05,3,Carphephorus bellidifolius,CARBEL,1,1,,,,,,,,,,
54S,E,II,1,54S.E.II.1,1,9/14/23,10:40,4,Chamaecrista spp.,CHASPP,29,4,2,6,1,49,1,38,2,4,7,
54S,E,II,1,54S.E.II.1,1,9/14/23,10:40,4,Hypericum gentianoides,HYPGEN,29,1,1,1,1,3,2,3,1,1,2,
54S,E,II,1,54S.E.II.1,1,9/14/23,10:40,4,Pityopsis graminifolia,PITGRA,29,1,1,1,1,1,1,1,1,1,1,
54S,E,II,1,54S.E.II.1,1,9/14/23,10:40,4,Centrosema virginianum,CENVIR,7,2,1,1,1,1,1,1,,,,
54S,E,II,1,54S.E.II.1,1,9/14/23,10:40,4,Chrysopsis gossypina,CHRGOS,1,1,,,,,,,,,,
54S,B,II,0,54S.B.II.0,1,9/14/23,9:12,2,Desmodium spp.,DESSPP,4,9,37,4,7,,,,,,,
54S,B,II,0,54S.B.II.0,1,9/14/23,9:12,2,Eupatorium spp.,EUPSPP,10,104,82,134,20,115,262,130,320,42,42,
54S,B,II,0,54S.B.II.0,1,9/14/23,9:12,2,Chamaecrista spp.,CHASPP,6,2,3,12,5,1,2,,,,,
54S,B,II,0,54S.B.II.0,1,9/14/23,9:12,2,Hypericum hypericoides,HYPHYP,1,1,,,,,,,,,,
54S,B,II,0,54S.B.II.0,1,9/14/23,9:12,2,Polypremum procumbens,POLPRO,1,7,,,,,,,,,,
54S,B,II,0,54S.B.II.0,1,9/14/23,9:12,2,Sericocarpus tortifolius,SERTOR,2,4,3,,,,,,,,,
54S,B,II,0,54S.B.II.0,1,9/14/23,9:12,2,Pityopsis graminifolia,PITGRA,1,2,,,,,,,,,,
54S,B,I,0,54S.B.I.0,1,9/14/23,9:35,4,Centrosema virginianum,CENVIR,23,3,1,1,1,1,1,1,1,3,1,
54S,B,I,0,54S.B.I.0,1,9/14/23,9:35,4,Desmodium spp.,DESSPP,32,24,15,20,4,12,18,18,20,7,24,
54S,B,I,0,54S.B.I.0,1,9/14/23,9:35,4,Eupatorium spp.,EUPSPP,7,141,203,37,238,9,256,,,,,
54S,B,I,0,54S.B.I.0,1,9/14/23,9:35,4,Solidago spp.,SOLSPP,1,43,,,,,,,,,,
54S,B,I,0,54S.B.I.0,1,9/14/23,9:35,4,Pityopsis graminifolia,PITGRA,13,2,2,1,4,1,1,1,1,1,5,
54S,B,I,0,54S.B.I.0,1,9/14/23,9:35,4,Chrysopsis gossypina,CHRGOS,3,1,1,1,,,,,,,,
54S,B,I,0,54S.B.I.0,1,9/14/23,9:35,4,Liatris spp.,LIASPP,5,1,2,2,5,3,,,,,,
54S,B,I,0,54S.B.I.0,1,9/14/23,9:35,4,Chamaecrista spp.,CHASPP,14,9,1,1,3,1,2,9,2,1,3,
54S,B,I,0,54S.B.I.0,1,9/14/23,9:35,4,Hieracium gronovii,HIEGRO,1,1,,,,,,,,,,
10,D,IV,1,10.D.IV.1,2,9/13/23,12:11,2,Hypericum gentianoides,HYPGEN,8,1,2,1,2,1,2,1,2,,,
10,D,IV,1,10.D.IV.1,2,9/13/23,12:11,2,Hypericum hypericoides,HYPHYP,1,2,,,,,,,,,,
10,D,IV,1,10.D.IV.1,2,9/13/23,12:11,2,Liatris spp.,LIASPP,2,14,15,,,,,,,,,
10,D,IV,1,10.D.IV.1,2,9/13/23,12:11,2,Chamaecrista spp.,CHASPP,1,4,,,,,,,,,,
10,D,IV,1,10.D.IV.1,2,9/13/23,12:11,2,Carphephorus bellidifolius,CARBEL,6,1,3,4,2,5,2,,,,,
10,D,IV,1,10.D.IV.1,2,9/13/23,12:11,2,Pityopsis graminifolia,PITGRA,3,1,1,1,,,,,,,,
10,D,I,3,10.D.I.3,2,9/13/23,12:27,3,Chamaecrista spp.,CHASPP,13,5,2,1,4,1,4,9,10,4,2,
10,D,I,3,10.D.I.3,2,9/13/23,12:27,3,Desmodium spp.,DESSPP,1,5,,,,,,,,,,
10,D,I,3,10.D.I.3,2,9/13/23,12:27,3,Hypericum gentianoides,HYPGEN,2,4,1,,,,,,,,,
10,D,I,3,10.D.I.3,2,9/13/23,12:27,3,Liatris spp.,LIASPP,2,1,2,,,,,,,,,
10,D,I,3,10.D.I.3,2,9/13/23,12:27,3,Pityopsis graminifolia,PITGRA,1,1,,,,,,,,,,
10,D,I,3,10.D.I.3,2,9/13/23,12:27,3,Sericocarpus tortifolius,SERTOR,2,2,1,,,,,,,,,
10,D,I,3,10.D.I.3,2,9/13/23,12:27,3,Stylosanthes biflora,STYBIF,10,1,1,1,1,1,1,1,2,2,2,
10,E,IV,1,10.E.IV.1,2,9/15/23,1:21,7,Centrosema virginianum,CENVIR,1,1,,,,,,,,,,
10,E,IV,1,10.E.IV.1,2,9/15/23,1:21,7,Chamaecrista spp.,CHASPP,14,3,4,12,12,2,7,19,1,1,3,
10,E,IV,1,10.E.IV.1,2,9/15/23,1:21,7,Diodia teres,DIOTER,3,2,4,1,,,,,,,,
10,E,IV,1,10.E.IV.1,2,9/15/23,1:21,7,Pityopsis graminifolia,PITGRA,1,1,,,,,,,,,,
10,E,IV,1,10.E.IV.1,2,9/15/23,1:21,7,Hypericum gentianoides,HYPGEN,1,4,,,,,,,,,,
10,B,III,2,10.B.III.2,2,9/15/23,1:40,3,Centrosema virginianum,CENVIR,6,1,1,1,1,9,1,,,,,
10,B,III,2,10.B.III.2,2,9/15/23,1:40,3,Liatris spp.,LIASPP,6,3,10,5,6,13,10,,,,,
10,B,III,2,10.B.III.2,2,9/15/23,1:40,3,Chamaecrista spp.,CHASPP,13,3,3,2,4,3,10,7,1,15,10,
10,B,III,2,10.B.III.2,2,9/15/23,1:40,3,Hypericum gentianoides,HYPGEN,1,1,,,,,,,,,,
10,B,III,2,10.B.III.2,2,9/15/23,1:40,3,Pityopsis graminifolia,PITGRA,1,1,,,,,,,,,,
10,B,III,2,10.B.III.2,2,9/15/23,1:40,3,Desmodium spp.,DESSPP,3,3,2,11,,,,,,,,
10,B,III,2,10.B.III.2,2,9/15/23,1:40,3,Eupatorium spp.,EUPSPP,1,268,,,,,,,,,,
10,E,III,0,10.E.III.0,2,9/15/23,12:49,25,Chamaecrista spp.,CHASPP,20,3,15,5,5,2,20,20,3,16,9,
10,E,III,0,10.E.III.0,2,9/15/23,12:49,25,Diodia teres,DIOTER,35,4,1,1,2,2,3,3,2,1,1,
10,E,III,0,10.E.III.0,2,9/15/23,12:49,25,Pityopsis graminifolia,PITGRA,1,1,,,,,,,,,,
10,E,I,0,10.E.I.0,2,9/15/23,12:58,1,Chamaecrista spp.,CHASPP,6,5,7,1,2,2,2,,,,,
10,E,I,0,10.E.I.0,2,9/15/23,12:58,1,Diodia teres,DIOTER,5,3,2,2,2,2,,,,,,
10,E,I,0,10.E.I.0,2,9/15/23,12:58,1,Hypericum gentianoides,HYPGEN,4,7,8,1,11,,,,,,,
10,E,I,0,10.E.I.0,2,9/15/23,12:58,1,Polypremum procumbens,POLPRO,6,2,2,3,2,1,1,,,,,
10,E,I,0,10.E.I.0,2,9/15/23,12:58,1,Pityopsis graminifolia,PITGRA,1,1,,,,,,,,,,
10,B,I,2,10.B.I.2,2,9/15/23,1:55,2,Hypericum gentianoides,HYPGEN,6,5,3,2,4,5,,,,,,
10,B,I,2,10.B.I.2,2,9/15/23,1:55,2,Hypericum hypericoides,HYPHYP,1,5,,,,,,,,,,
10,B,I,2,10.B.I.2,2,9/15/23,1:55,2,Centrosema virginianum,CENVIR,4,1,1,1,1,,,,,,,
10,B,I,2,10.B.I.2,2,9/15/23,1:55,2,Desmodium spp.,DESSPP,4,5,3,5,5,,,,,,,
10,B,I,2,10.B.I.2,2,9/15/23,1:55,2,Chamaecrista spp.,CHASPP,9,13,5,2,2,6,3,2,2,2,,
10,B,I,2,10.B.I.2,2,9/15/23,1:55,2,Chrysopsis gossypina,CHRGOS,1,1,,,,,,,,,,
10,B,I,2,10.B.I.2,2,9/15/23,1:55,2,Pityopsis graminifolia,PITGRA,2,1,2,,,,,,,,,
10,B,I,0,10.B.I.0,2,9/15/23,2:03,1,Lespedeza spp.,LESSPP,1,9,,,,,,,,,,
10,B,I,0,10.B.I.0,2,9/15/23,2:03,1,Chamaecrista spp.,CHASPP,1,2,,,,,,,,,,
10,B,I,0,10.B.I.0,2,9/15/23,2:03,1,Desmodium spp.,DESSPP,2,10,7,,,,,,,,,
10,B,I,0,10.B.I.0,2,9/15/23,2:03,1,Hieracium gronovii,HIEGRO,1,1,,,,,,,,,,
10,C,I,1,10.C.I.1,2,9/15/23,9:18,5,Carphephorus bellidifolius,CARBEL,3,1,4,2,,,,,,,,
10,C,I,1,10.C.I.1,2,9/15/23,9:18,5,Chrysopsis gossypina,CHRGOS,1,1,,,,,,,,,,
10,C,I,1,10.C.I.1,2,9/15/23,9:18,5,Pityopsis graminifolia,PITGRA,4,2,2,1,1,,,,,,,
10,C,I,1,10.C.I.1,2,9/15/23,9:18,5,Liatris spp.,LIASPP,2,4,4,,,,,,,,,
10,C,I,1,10.C.I.1,2,9/15/23,9:18,5,Eriogonum tomentosum,ERITOM,1,32,,,,,,,,,,
10,C,I,1,10.C.I.1,2,9/15/23,9:18,5,Hieracium gronovii,HIEGRO,1,1,,,,,,,,,,
10,B,II,0,10.B.II.0,2,9/15/23,2:14,5,Hypericum hypericoides,HYPHYP,2,1,1,,,,,,,,,
10,B,II,0,10.B.II.0,2,9/15/23,2:14,5,Hypericum gentianoides,HYPGEN,1,3,,,,,,,,,,
10,B,II,0,10.B.II.0,2,9/15/23,2:14,5,Lespedeza spp.,LESSPP,1,3,,,,,,,,,,
10,B,II,0,10.B.II.0,2,9/15/23,2:14,5,Eriogonum tomentosum,ERITOM,2,46,49,,,,,,,,,
10,B,II,3,10.B.II.3,2,9/15/23,2:22,4,Chamaecrista spp.,CHASPP,6,2,2,1,6,5,2,,,,,
10,B,II,3,10.B.II.3,2,9/15/23,2:22,4,Diodia teres,DIOTER,7,3,1,2,4,2,1,1,,,,
10,B,II,3,10.B.II.3,2,9/15/23,2:22,4,Hypericum gentianoides,HYPGEN,2,1,1,,,,,,,,,
10,B,II,3,10.B.II.3,2,9/15/23,2:22,4,Centrosema virginianum,CENVIR,3,1,1,2,,,,,,,,
10,B,II,3,10.B.II.3,2,9/15/23,2:22,4,Desmodium spp.,DESSPP,2,71,10,,,,,,,,,
8,D,II,1,8.D.II.1,2,9/14/23,2:56,10,Centrosema virginianum,CENVIR,2,1,1,,,,,,,,,
8,D,II,1,8.D.II.1,2,9/14/23,2:56,10,Croptilon divaricatum,CRODIV,2,3,2,,,,,,,,,
8,D,II,1,8.D.II.1,2,9/14/23,2:56,10,Chamaecrista spp.,CHASPP,91,5,2,8,8,3,7,6,8,2,6,
8,D,II,1,8.D.II.1,2,9/14/23,2:56,10,Erigeron canadensis,ERICAN,3,8,3,5,,,,,,,,
8,D,II,1,8.D.II.1,2,9/14/23,2:56,10,Pityopsis graminifolia,PITGRA,6,1,1,1,1,1,1,,,,,
8,D,II,1,8.D.II.1,2,9/14/23,2:56,10,Diodia teres,DIOTER,1,2,,,,,,,,,,
8,D,II,1,8.D.II.1,2,9/14/23,2:56,10,Eupatorium spp.,EUPSPP,8,15,50,10,10,11,3,42,373,,,
8,D,IV,3,8.D.IV.3,2,9/14/23,3:15,4,Chamaecrista spp.,CHASPP,40,4,8,7,4,6,3,9,3,10,4,
8,D,IV,3,8.D.IV.3,2,9/14/23,3:15,4,Desmodium spp.,DESSPP,5,17,22,50,14,14,,,,,,
8,D,IV,3,8.D.IV.3,2,9/14/23,3:15,4,Pityopsis graminifolia,PITGRA,7,1,1,1,1,1,1,1,,,,
8,E,III,1,8.E.III.1,2,9/14/23,3:36,4,Liatris spp.,LIASPP,4,3,1,2,1,,,,,,,
8,E,III,1,8.E.III.1,2,9/14/23,3:36,4,Chamaecrista spp.,CHASPP,5,2,7,1,7,4,,,,,,
8,E,III,1,8.E.III.1,2,9/14/23,3:36,4,Agalinis spp.,AGASPP,3,1,4,5,,,,,,,,
8,E,III,1,8.E.III.1,2,9/14/23,3:36,4,Eupatorium spp.,EUPSPP,5,69,122,8,64,58,,,,,,
8,E,III,1,8.E.III.1,2,9/14/23,3:36,4,Pityopsis graminifolia,PITGRA,1,1,,,,,,,,,,
8,E,III,1,8.E.III.1,2,9/14/23,3:36,4,Hieracium gronovii,HIEGRO,1,3,,,,,,,,,,
8,E,III,3,8.E.III.3RECRUIT,2,9/14/23,3:54,7,Croptilon divaricatum,CRODIV,40,2,1,1,1,1,1,1,1,1,1,
8,E,III,3,8.E.III.3RECRUIT,2,9/14/23,3:54,7,Chamaecrista spp.,CHASPP,4,12,8,4,4,,,,,,,
8,E,III,3,8.E.III.3RECRUIT,2,9/14/23,3:54,7,Pityopsis graminifolia,PITGRA,1,1,,,,,,,,,,
8,E,III,3,8.E.III.3RECRUIT,2,9/14/23,3:54,7,Eupatorium spp.,EUPSPP,3,35,76,37,,,,,,,,
8,E,III,3,8.E.III.3RECRUIT,2,9/14/23,3:54,7,Lespedeza spp.,LESSPP,1,45,,,,,,,,,,
8,E,III,3,8.E.III.3RECRUIT,2,9/14/23,3:54,7,Desmodium spp.,DESSPP,1,33,,,,,,,,,,
8,E,III,3,8.E.III.3RECRUIT,2,9/14/23,3:54,7,Agalinis spp.,AGASPP,1,19,,,,,,,,,,
8,E,IV,0,8.E.IV.0,2,9/15/23,8:18,3,Carphephorus bellidifolius,CARBEL,8,3,1,4,5,5,1,5,4,,,
8,E,IV,0,8.E.IV.0,2,9/15/23,8:18,3,Chamaecrista spp.,CHASPP,32,4,3,5,12,6,4,4,8,3,8,
8,E,IV,0,8.E.IV.0,2,9/15/23,8:18,3,Pityopsis graminifolia,PITGRA,2,1,2,,,,,,,,,
8,E,IV,0,8.E.IV.0,2,9/15/23,8:18,3,Desmodium spp.,DESSPP,1,39,,,,,,,,,,
8,E,IV,1,8.E.IV.1RECRUIT,2,9/15/23,8:25,1,Carphephorus bellidifolius,CARBEL,5,1,1,1,3,8,,,,,,
8,E,IV,1,8.E.IV.1RECRUIT,2,9/15/23,8:25,1,Chamaecrista spp.,CHASPP,33,1,1,6,1,2,5,5,21,4,3,
8,E,IV,1,8.E.IV.1RECRUIT,2,9/15/23,8:25,1,Desmodium spp.,DESSPP,2,31,6,,,,,,,,,
8,E,IV,1,8.E.IV.1RECRUIT,2,9/15/23,8:25,1,Centrosema virginianum,CENVIR,2,1,1,,,,,,,,,
8,E,IV,1,8.E.IV.1RECRUIT,2,9/15/23,8:25,1,Croptilon divaricatum,CRODIV,1,1,,,,,,,,,,
8,E,IV,1,8.E.IV.1RECRUIT,2,9/15/23,8:25,1,Pityopsis graminifolia,PITGRA,5,1,1,1,1,1,,,,,,
8,E,IV,1,8.E.IV.1RECRUIT,2,9/15/23,8:25,1,Hypericum hypericoides,HYPHYP,1,2,,,,,,,,,,
8,E,IV,1,8.E.IV.1RECRUIT,2,9/15/23,8:25,1,Eupatorium spp.,EUPSPP,5,67,38,15,90,51,,,,,,
8,B,IV,2,8.B.IV.1-2,2,9/15/23,9:47,4,Erigeron canadensis,ERICAN,55,5,15,10,1,4,6,1,13,17,6,
8,B,IV,2,8.B.IV.1-2,2,9/15/23,9:47,4,Eupatorium spp.,EUPSPP,6,38,39,122,299,12,279,,,,,
8,B,IV,2,8.B.IV.1-2,2,9/15/23,9:47,4,Hypericum gentianoides,HYPGEN,12,5,5,4,4,14,6,14,4,17,7,
8,B,IV,2,8.B.IV.1-2,2,9/15/23,9:47,4,Desmodium spp.,DESSPP,1,6,,,,,,,,,,
8,B,IV,2,8.B.IV.1-2,2,9/15/23,9:47,4,Chamaecrista spp.,CHASPP,1,2,,,,,,,,,,
8,B,IV,2,8.B.IV.1-2,2,9/15/23,9:47,4,Centrosema virginianum,CENVIR,3,1,1,5,,,,,,,,
8,C,I,2,8.C.I.2,2,9/15/23,10:22,2,Chamaecrista spp.,CHASPP,9,13,7,4,5,5,3,3,3,7,,
8,C,I,2,8.C.I.2,2,9/15/23,10:22,2,Hypericum gentianoides,HYPGEN,139,2,2,11,5,6,4,7,6,2,4,
8,C,I,2,8.C.I.2,2,9/15/23,10:22,2,Eupatorium spp.,EUPSPP,17,126,25,77,52,65,134,71,112,102,62,
8,C,I,2,8.C.I.2,2,9/15/23,10:22,2,Pityopsis graminifolia,PITGRA,11,1,1,1,1,3,1,1,1,1,2,
8,C,I,2,8.C.I.2,2,9/15/23,10:22,2,Carphephorus bellidifolius,CARBEL,1,1,,,,,,,,,,
8,C,I,2,8.C.I.2,2,9/15/23,10:22,2,Centrosema virginianum,CENVIR,1,3,,,,,,,,,,
8,B,II,1,8.B.II.1,2,9/15/23,9:28,8,Desmodium spp.,DESSPP,4,4,49,44,10,,,,,,,
8,B,II,1,8.B.II.1,2,9/15/23,9:28,8,Eupatorium spp.,EUPSPP,4,26,39,58,28,,,,,,,
8,B,II,1,8.B.II.1,2,9/15/23,9:28,8,Solidago spp.,SOLSPP,1,11,,,,,,,,,,
8,B,II,1,8.B.II.1,2,9/15/23,9:28,8,Stylosanthes biflora,STYBIF,13,1,1,4,3,2,1,1,4,1,3,
8,B,II,1,8.B.II.1,2,9/15/23,9:28,8,Chamaecrista spp.,CHASPP,3,2,2,4,,,,,,,,
8,B,II,1,8.B.II.1,2,9/15/23,9:28,8,Hieracium gronovii,HIEGRO,1,3,,,,,,,,,,
8,B,II,1,8.B.II.1,2,9/15/23,9:28,8,Centrosema virginianum,CENVIR,4,2,1,1,1,,,,,,,
8,B,II,1,8.B.II.1,2,9/15/23,9:28,8,Hypericum hypericoides,HYPHYP,1,6,,,,,,,,,,
8,B,II,1,8.B.II.1,2,9/15/23,9:28,8,Croptilon divaricatum,CRODIV,1,1,,,,,,,,,,
8,B,II,1,8.B.II.1,2,9/15/23,9:28,8,Carphephorus bellidifolius,CARBEL,1,26,,,,,,,,,,
8,B,IV,0,8.B.IV.0,2,9/15/23,9:42,10,Hieracium gronovii,HIEGRO,1,1,,,,,,,,,,
8,B,IV,0,8.B.IV.0,2,9/15/23,9:42,10,Desmodium spp.,DESSPP,2,7,15,,,,,,,,,
8,B,I,3,8.B.I.3,2,9/15/23,9:00,4,Polypremum procumbens,POLPRO,3,3,2,3,,,,,,,,
8,B,I,3,8.B.I.3,2,9/15/23,9:00,4,Hypericum hypericoides,HYPHYP,3,8,4,1,,,,,,,,
8,B,I,3,8.B.I.3,2,9/15/23,9:00,4,Stylosanthes biflora,STYBIF,10,2,1,2,1,3,3,1,1,1,4,
8,B,I,3,8.B.I.3,2,9/15/23,9:00,4,Croptilon divaricatum,CRODIV,24,1,1,4,1,1,1,4,6,4,1,
8,B,I,3,8.B.I.3,2,9/15/23,9:00,4,Hypericum gentianoides,HYPGEN,1,4,,,,,,,,,,
8,B,I,3,8.B.I.3,2,9/15/23,9:00,4,Desmodium spp.,DESSPP,3,78,37,12,,,,,,,,
8,B,I,3,8.B.I.3,2,9/15/23,9:00,4,Chamaecrista spp.,CHASPP,8,5,3,3,5,6,2,6,5,,,
8,B,I,3,8.B.I.3,2,9/15/23,9:00,4,Lespedeza spp.,LESSPP,1,5,,,,,,,,,,
8,B,I,3,8.B.I.3,2,9/15/23,9:00,4,Pityopsis graminifolia,PITGRA,2,1,1,,,,,,,,,
8,B,II,0,8.B.II.0,2,9/15/23,9:15,9,Centrosema virginianum,CENVIR,3,1,2,3,,,,,,,,
8,B,II,0,8.B.II.0,2,9/15/23,9:15,9,Eupatorium spp.,EUPSPP,8,106,64,7,35,33,34,87,4,,,
8,B,II,0,8.B.II.0,2,9/15/23,9:15,9,Chamaecrista spp.,CHASPP,4,13,6,2,7,,,,,,,
8,B,II,0,8.B.II.0,2,9/15/23,9:15,9,Liatris spp.,LIASPP,7,11,3,12,28,7,7,3,,,,
8,B,II,0,8.B.II.0,2,9/15/23,9:15,9,Diodia teres,DIOTER,8,1,2,1,1,1,2,1,1,,,
8,B,II,0,8.B.II.0,2,9/15/23,9:15,9,Pityopsis graminifolia,PITGRA,1,1,,,,,,,,,,
8,C,II,3,8.C.II.3,2,9/15/23,10:44,2,Eupatorium spp.,EUPSPP,4,39,63,32,23,,,,,,,
8,C,II,3,8.C.II.3,2,9/15/23,10:44,2,Erigeron canadensis,ERICAN,1,18,,,,,,,,,,
8,C,II,3,8.C.II.3,2,9/15/23,10:44,2,Hypericum gentianoides,HYPGEN,57,8,1,3,5,1,4,4,2,3,5,
8,C,II,3,8.C.II.3,2,9/15/23,10:44,2,Chamaecrista spp.,CHASPP,9,4,8,6,11,8,6,13,12,7,,
8,C,II,3,8.C.II.3,2,9/15/23,10:44,2,Pityopsis graminifolia,PITGRA,4,1,1,1,1,,,,,,,
8,C,II,3,8.C.II.3,2,9/15/23,10:44,2,Desmodium spp.,DESSPP,1,12,,,,,,,,,,
8,C,II,3,8.C.II.3,2,9/15/23,10:44,2,Stylosanthes biflora,STYBIF,1,1,,,,,,,,,,
8,C,IV,3,8.C.IV.3,2,9/15/23,10:56,11,Agalinis spp.,AGASPP,11,3,6,3,2,3,2,4,4,3,11,
8,C,IV,3,8.C.IV.3,2,9/15/23,10:56,11,Hypericum gentianoides,HYPGEN,17,16,6,10,5,5,12,14,4,6,6,
8,C,IV,3,8.C.IV.3,2,9/15/23,10:56,11,Chamaecrista spp.,CHASPP,9,2,2,6,22,19,9,3,10,8,,
8,C,IV,3,8.C.IV.3,2,9/15/23,10:56,11,Solidago spp.,SOLSPP,1,15,,,,,,,,,,
8,C,IV,3,8.C.IV.3,2,9/15/23,10:56,11,Desmodium spp.,DESSPP,2,4,7,,,,,,,,,
8,C,IV,3,8.C.IV.3,2,9/15/23,10:56,11,Pityopsis graminifolia,PITGRA,7,1,1,1,1,1,1,1,,,,
8,C,IV,3,8.C.IV.3,2,9/15/23,10:56,11,Hieracium gronovii,HIEGRO,1,5,,,,,,,,,,
8,C,IV,3,8.C.IV.3,2,9/15/23,10:56,11,Hypericum hypericoides,HYPHYP,1,3,,,,,,,,,,
54S,C,I,0,54S.C.I.0,2,9/18/23,8:56,2,Pityopsis graminifolia,PITGRA,6,1,1,1,1,1,1,,,,,
54S,C,I,0,54S.C.I.0,2,9/18/23,8:56,2,Liatris spp.,LIASPP,5,2,3,4,1,3,,,,,,
54S,C,I,0,54S.C.I.0,2,9/18/23,8:56,2,Solidago spp.,SOLSPP,1,58,,,,,,,,,,
54S,C,I,0,54S.C.I.0,2,9/18/23,8:56,2,Eupatorium spp.,EUPSPP,1,60,,,,,,,,,,
54S,C,I,0,54S.C.I.0,2,9/18/23,8:56,2,Desmodium spp.,DESSPP,6,4,11,3,18,8,43,,,,,
54S,C,I,0,54S.C.I.0,2,9/18/23,8:56,2,Chamaecrista spp.,CHASPP,2,7,2,,,,,,,,,
54S,C,I,0,54S.C.I.0,2,9/18/23,8:56,2,Hieracium gronovii,HIEGRO,1,2,,,,,,,,,,
54S,B,II,0,54S.B.II.0,2,9/18/23,9:12,6,Eupatorium spp.,EUPSPP,5,83,48,72,158,347,,,,,,
54S,B,II,0,54S.B.II.0,2,9/18/23,9:12,6,Chamaecrista spp.,CHASPP,1,1,,,,,,,,,,
54S,B,II,0,54S.B.II.0,2,9/18/23,9:12,6,Desmodium spp.,DESSPP,5,18,48,14,34,3,,,,,,
54S,C,IV,0,54S.C.IV.0,2,9/18/23,8:31,1,Carphephorus bellidifolius,CARBEL,3,1,1,1,,,,,,,,
54S,C,IV,0,54S.C.IV.0,2,9/18/23,8:31,1,Chrysopsis gossypina,CHRGOS,9,1,1,1,1,1,1,1,1,1,,
54S,C,IV,0,54S.C.IV.0,2,9/18/23,8:31,1,Chamaecrista spp.,CHASPP,2,2,1,,,,,,,,,
54S,C,IV,0,54S.C.IV.0,2,9/18/23,8:31,1,Eupatorium spp.,EUPSPP,20,31,69,44,18,137,44,66,46,73,14,
54S,C,IV,0,54S.C.IV.0,2,9/18/23,8:31,1,Desmodium spp.,DESSPP,2,39,66,,,,,,,,,
54S,C,IV,0,54S.C.IV.0,2,9/18/23,8:31,1,Pityopsis graminifolia,PITGRA,3,1,1,2,,,,,,,,
54S,C,IV,0,54S.C.IV.0,2,9/18/23,8:31,1,Hieracium gronovii,HIEGRO,3,3,1,2,,,,,,,,
54S,C,IV,0,54S.C.IV.0,2,9/18/23,8:31,1,Centrosema virginianum,CENVIR,1,1,,,,,,,,,,
54S,C,I,3,54S.C.I.3,2,9/18/23,8:48,3,Chamaecrista spp.,CHASPP,27,3,11,4,1,9,1,9,2,1,3,
54S,C,I,3,54S.C.I.3,2,9/18/23,8:48,3,Pityopsis graminifolia,PITGRA,10,1,2,1,1,1,1,2,1,1,1,
54S,C,I,3,54S.C.I.3,2,9/18/23,8:48,3,Chrysopsis gossypina,CHRGOS,14,1,1,1,1,1,1,1,1,1,1,
54S,C,I,3,54S.C.I.3,2,9/18/23,8:48,3,Desmodium spp.,DESSPP,6,59,46,35,11,9,77,,,,,
54S,B,I,0,54S.B.I.0,2,9/18/23,9:24,2,Desmodium spp.,DESSPP,3,9,9,27,,,,,,,,
54S,B,I,0,54S.B.I.0,2,9/18/23,9:24,2,Pityopsis graminifolia,PITGRA,4,1,2,4,4,,,,,,,
54S,B,I,0,54S.B.I.0,2,9/18/23,9:24,2,Chrysopsis gossypina,CHRGOS,5,2,1,3,1,2,,,,,,
54S,B,I,0,54S.B.I.0,2,9/18/23,9:24,2,Centrosema virginianum,CENVIR,3,1,1,1,,,,,,,,
54S,B,I,0,54S.B.I.0,2,9/18/23,9:24,2,Chamaecrista spp.,CHASPP,14,4,1,4,1,3,3,1,1,1,1,
54S,B,I,0,54S.B.I.0,2,9/18/23,9:24,2,Sericocarpus tortifolius,SERTOR,2,11,8,,,,,,,,,
54S,B,I,0,54S.B.I.0,2,9/18/23,9:24,2,Eupatorium spp.,EUPSPP,1,162,,,,,,,,,,
54S,B,I,0,54S.B.I.0,2,9/18/23,9:24,2,Liatris spp.,LIASPP,4,10,5,2,13,,,,,,,
54S,E,II,1,54S.E.II.1,2,9/18/23,11:20,11,Chamaecrista spp.,CHASPP,19,2,9,6,20,1,1,1,3,27,4,
54S,E,II,1,54S.E.II.1,2,9/18/23,11:20,11,Pityopsis graminifolia,PITGRA,30,1,1,1,1,1,2,4,1,1,2,
54S,E,II,1,54S.E.II.1,2,9/18/23,11:20,11,Hypericum gentianoides,HYPGEN,5,1,1,1,1,2,,,,,,
54S,E,II,1,54S.E.II.1,2,9/18/23,11:20,11,Chrysopsis gossypina,CHRGOS,10,1,1,1,1,1,1,1,1,1,1,
54S,E,II,1,54S.E.II.1,2,9/18/23,11:20,11,Desmodium spp.,DESSPP,1,9,,,,,,,,,,
54S,E,II,1,54S.E.II.1,2,9/18/23,11:20,11,Croptilon divaricatum,CRODIV,1,7,,,,,,,,,,
53S,E,III,2,53S.E.III.2RECRUIT,2,9/17/23,10:19,2,Sericocarpus tortifolius,SERTOR,25,3,18,25,21,4,14,15,7,9,3,
53S,E,III,2,53S.E.III.2RECRUIT,2,9/17/23,10:19,2,Agalinis spp.,AGASPP,2,5,32,,,,,,,,,
53S,E,III,2,53S.E.III.2RECRUIT,2,9/17/23,10:19,2,Solidago spp.,SOLSPP,1,50,,,,,,,,,,
53S,E,III,2,53S.E.III.2RECRUIT,2,9/17/23,10:19,2,Hypericum gentianoides,HYPGEN,13,5,5,5,2,6,3,8,6,9,5,
53S,E,III,2,53S.E.III.2RECRUIT,2,9/17/23,10:19,2,Hieracium gronovii,HIEGRO,2,5,2,,,,,,,,,
53S,E,III,2,53S.E.III.2RECRUIT,2,9/17/23,10:19,2,Desmodium spp.,DESSPP,17,15,16,10,27,54,14,16,13,9,13,
53S,E,III,2,53S.E.III.2RECRUIT,2,9/17/23,10:19,2,Chamaecrista spp.,CHASPP,7,9,7,9,15,11,3,53,,,,
53S,D,III,2,53S.D.III.2,2,9/17/23,10:38,4,Sericocarpus tortifolius,SERTOR,30,5,3,3,11,6,4,11,27,7,9,
53S,D,III,2,53S.D.III.2,2,9/17/23,10:38,4,Commelina erecta,COMERE,1,1,,,,,,,,,,
53S,D,III,2,53S.D.III.2,2,9/17/23,10:38,4,Chamaecrista spp.,CHASPP,2,4,3,,,,,,,,,
53S,D,III,2,53S.D.III.2,2,9/17/23,10:38,4,Desmodium spp.,DESSPP,5,21,26,6,32,13,,,,,,
53S,D,III,2,53S.D.III.2,2,9/17/23,10:38,4,Eupatorium spp.,EUPSPP,3,23,24,43,,,,,,,,
53S,D,III,2,53S.D.III.2,2,9/17/23,10:38,4,Hieracium gronovii,HIEGRO,2,1,1,,,,,,,,,
53S,D,III,2,53S.D.III.2,2,9/17/23,10:38,4,Hypericum gentianoides,HYPGEN,2,9,4,,,,,,,,,
53S,D,III,2,53S.D.III.2,2,9/17/23,10:38,4,Liatris spp.,LIASPP,2,2,10,,,,,,,,,
53S,D,III,1,53S.D.III.1,2,9/17/23,10:45,2,Hieracium gronovii,HIEGRO,1,3,,,,,,,,,,
53S,D,III,1,53S.D.III.1,2,9/17/23,10:45,2,Pityopsis graminifolia,PITGRA,6,1,1,1,2,1,1,,,,,
53S,D,III,1,53S.D.III.1,2,9/17/23,10:45,2,Hypericum gentianoides,HYPGEN,8,2,2,1,1,7,3,3,1,,,
53S,D,III,1,53S.D.III.1,2,9/17/23,10:45,2,Liatris spp.,LIASPP,2,2,2,,,,,,,,,
53S,D,III,1,53S.D.III.1,2,9/17/23,10:45,2,Chamaecrista spp.,CHASPP,2,2,3,,,,,,,,,
53S,D,III,1,53S.D.III.1,2,9/17/23,10:45,2,Desmodium spp.,DESSPP,1,8,,,,,,,,,,
53S,E,III,3,53S.E.III.3,2,9/17/23,9:42,2,Solidago spp.,SOLSPP,1,37,,,,,,,,,,
53S,E,III,3,53S.E.III.3,2,9/17/23,9:42,2,Chamaecrista spp.,CHASPP,45,8,2,7,3,5,3,11,12,6,5,
53S,E,III,3,53S.E.III.3,2,9/17/23,9:42,2,Sericocarpus tortifolius,SERTOR,49,3,21,40,10,14,17,7,12,42,7,
53S,E,III,3,53S.E.III.3,2,9/17/23,9:42,2,Hieracium gronovii,HIEGRO,2,3,3,,,,,,,,,
53S,E,III,3,53S.E.III.3,2,9/17/23,9:42,2,Carphephorus bellidifolius,CARBEL,2,4,3,,,,,,,,,
53S,E,III,3,53S.E.III.3,2,9/17/23,9:42,2,Hypericum gentianoides,HYPGEN,6,3,1,1,3,2,1,,,,,
53S,E,III,3,53S.E.III.3,2,9/17/23,9:42,2,Centrosema virginianum,CENVIR,1,2,,,,,,,,,,
53S,E,III,3,53S.E.III.3,2,9/17/23,9:42,2,Desmodium spp.,DESSPP,10,8,8,13,11,44,7,33,16,12,5,
53S,E,III,3,53S.E.III.3,2,9/17/23,9:42,2,Agalinis spp.,AGASPP,10,11,6,9,17,29,25,3,4,3,8,
53S,E,III,3,53S.E.III.3,2,9/17/23,9:42,2,Lespedeza spp.,LESSPP,5,18,22,40,28,35,,,,,,
53S,E,III,3,53S.E.III.3,2,9/17/23,9:42,2,Commelina erecta,COMERE,1,1,,,,,,,,,,
53S,C,II,3,53S.C.II.3,2,9/19/23,8:31,2,Lespedeza spp.,LESSPP,3,6,5,1,,,,,,,,
53S,C,II,3,53S.C.II.3,2,9/19/23,8:31,2,Eupatorium spp.,EUPSPP,2,46,107,,,,,,,,,
53S,C,II,3,53S.C.II.3,2,9/19/23,8:31,2,Desmodium spp.,DESSPP,3,9,24,33,,,,,,,,
53S,C,II,3,53S.C.II.3,2,9/19/23,8:31,2,Sericocarpus tortifolius,SERTOR,3,1,1,6,,,,,,,,
53S,C,II,3,53S.C.II.3,2,9/19/23,8:31,2,Chrysopsis gossypina,CHRGOS,2,1,1,,,,,,,,,
53S,C,II,3,53S.C.II.3,2,9/19/23,8:31,2,Pityopsis graminifolia,PITGRA,2,1,1,,,,,,,,,
53S,B,IV,3,53S.B.IV.3,2,9/19/23,8:07,1,Desmodium spp.,DESSPP,15,26,33,9,34,48,21,21,18,4,9,
53S,B,IV,3,53S.B.IV.3,2,9/19/23,8:07,1,Chamaecrista spp.,CHASPP,2,4,11,,,,,,,,,
53S,B,IV,3,53S.B.IV.3,2,9/19/23,8:07,1,Croptilon divaricatum,CRODIV,4,2,3,3,2,,,,,,,
53S,B,IV,3,53S.B.IV.3,2,9/19/23,8:07,1,Hypericum hypericoides,HYPHYP,1,13,,,,,,,,,,
53S,B,IV,3,53S.B.IV.3,2,9/19/23,8:07,1,Solidago spp.,SOLSPP,2,43,61,,,,,,,,,
53S,B,IV,3,53S.B.IV.3,2,9/19/23,8:07,1,Eupatorium spp.,EUPSPP,2,96,49,,,,,,,,,
53S,B,IV,3,53S.B.IV.3,2,9/19/23,8:07,1,Erigeron canadensis,ERICAN,1,71,,,,,,,,,,
52,D,III,3,52.D.III.3,2,9/19/23,2:38,1,Desmodium spp.,DESSPP,12,3,2,85,49,88,38,13,48,6,6,
52,D,III,3,52.D.III.3,2,9/19/23,2:38,1,Sericocarpus tortifolius,SERTOR,5,43,3,38,9,50,,,,,,
52,D,III,3,52.D.III.3,2,9/19/23,2:38,1,Pityopsis graminifolia,PITGRA,1,1,,,,,,,,,,
52,D,III,3,52.D.III.3,2,9/19/23,2:38,1,Solidago spp.,SOLSPP,3,172,67,13,,,,,,,,
52,D,III,3,52.D.III.3,2,9/19/23,2:38,1,Eupatorium spp.,EUPSPP,1,180,,,,,,,,,,
52,D,III,3,52.D.III.3,2,9/19/23,2:38,1,Carphephorus bellidifolius,CARBEL,1,2,,,,,,,,,,
52,C,I,1,52.C.I.1,2,9/19/23,11:39,2,Pityopsis graminifolia,PITGRA,21,2,2,2,2,3,1,2,1,1,1,
52,C,I,1,52.C.I.1,2,9/19/23,11:39,2,Sericocarpus tortifolius,SERTOR,1,17,,,,,,,,,,
52,C,I,1,52.C.I.1,2,9/19/23,11:39,2,Hypericum gentianoides,HYPGEN,1,2,,,,,,,,,,
52,C,I,1,52.C.I.1,2,9/19/23,11:39,2,Carphephorus bellidifolius,CARBEL,1,3,,,,,,,,,,
52,C,II,0,52.C.II.0,2,9/19/23,11:58,2,Desmodium spp.,DESSPP,2,14,18,,,,,,,,,
52,C,II,0,52.C.II.0,2,9/19/23,11:58,2,Sericocarpus tortifolius,SERTOR,1,16,,,,,,,,,,
52,C,II,0,52.C.II.0,2,9/19/23,11:58,2,Pityopsis graminifolia,PITGRA,1,1,,,,,,,,,,
52,C,II,0,52.C.II.0,2,9/19/23,11:58,2,Solidago spp.,SOLSPP,2,21,28,,,,,,,,,
52,E,II,3,52.E.II.3RECRUIT,2,9/19/23,10:00,3,Hypericum gentianoides,HYPGEN,20,7,3,4,1,1,4,4,7,3,12,
52,E,II,3,52.E.II.3RECRUIT,2,9/19/23,10:00,3,Liatris spp.,LIASPP,42,7,27,51,14,11,1,4,67,17,8,
52,E,II,3,52.E.II.3RECRUIT,2,9/19/23,10:00,3,Sericocarpus tortifolius,SERTOR,15,21,16,3,11,5,13,26,14,9,10,
52,E,II,3,52.E.II.3RECRUIT,2,9/19/23,10:00,3,Solidago spp.,SOLSPP,1,62,,,,,,,,,,
52,C,III,3,52.C.III.3,2,9/19/23,10:59,4,Eupatorium spp.,EUPSPP,18,313,232,96,217,68,12,74,76,32,17,
52,C,III,3,52.C.III.3,2,9/19/23,10:59,4,Liatris spp.,LIASPP,3,19,17,16,,,,,,,,
52,C,III,3,52.C.III.3,2,9/19/23,10:59,4,Solidago spp.,SOLSPP,9,31,9,17,42,25,15,110,180,45,,
52,C,III,3,52.C.III.3,2,9/19/23,10:59,4,Desmodium spp.,DESSPP,2,7,22,,,,,,,,,
52,C,III,3,52.C.III.3,2,9/19/23,10:59,4,Sericocarpus tortifolius,SERTOR,1,20,,,,,,,,,,
52,C,III,3,52.C.III.3,2,9/19/23,10:59,4,Pityopsis graminifolia,PITGRA,13,1,1,3,2,2,1,1,1,3,1,
52,C,III,3,52.C.III.3,2,9/19/23,10:59,4,Lespedeza spp.,LESSPP,15,32,14,10,19,3,25,8,20,56,34,
52,C,III,3,52.C.III.3,2,9/19/23,10:59,4,Chrysopsis gossypina,CHRGOS,7,1,1,1,1,1,1,1,,,,
52,E,IV,3,52.E.IV.3,2,9/19/23,9:24,1,Sericocarpus tortifolius,SERTOR,63,43,25,2,12,20,25,5,6,25,9,
52,E,IV,3,52.E.IV.3,2,9/19/23,9:24,1,Liatris spp.,LIASPP,8,37,94,28,73,22,2,2,4,,,
52,E,IV,3,52.E.IV.3,2,9/19/23,9:24,1,Hypericum gentianoides,HYPGEN,1,3,,,,,,,,,,
52,E,III,2,52.E.III.2,2,9/19/23,9:45,2,Solidago spp.,SOLSPP,4,13,113,49,18,,,,,,,
52,E,III,2,52.E.III.2,2,9/19/23,9:45,2,Hypericum gentianoides,HYPGEN,3,4,2,6,,,,,,,,
52,E,III,2,52.E.III.2,2,9/19/23,9:45,2,Eupatorium spp.,EUPSPP,4,151,11,67,140,,,,,,,
52,E,III,2,52.E.III.2,2,9/19/23,9:45,2,Hieracium gronovii,HIEGRO,1,22,,,,,,,,,,
53N,E,III,1,53N.E.III.1,2,9/20/23,1:12,2,Desmodium spp.,DESSPP,12,1,2,5,9,3,5,5,8,9,2,
53N,E,III,1,53N.E.III.1,2,9/20/23,1:12,2,Hieracium gronovii,HIEGRO,1,4,,,,,,,,,,
53N,E,III,1,53N.E.III.1,2,9/20/23,1:12,2,Eupatorium spp.,EUPSPP,4,23,148,115,106,,,,,,,
53N,E,III,1,53N.E.III.1,2,9/20/23,1:12,2,Chamaecrista spp.,CHASPP,5,1,1,1,1,8,,,,,,
53N,E,III,1,53N.E.III.1,2,9/20/23,1:12,2,Hypericum hypericoides,HYPHYP,1,5,,,,,,,,,,
53N,D,II,1,53N.D.II.1,2,9/20/23,12:30,2,Croptilon divaricatum,CRODIV,144,3,1,1,1,1,2,1,1,4,1,
53N,D,II,1,53N.D.II.1,2,9/20/23,12:30,2,Desmodium spp.,DESSPP,4,13,4,5,11,,,,,,,
53N,D,II,1,53N.D.II.1,2,9/20/23,12:30,2,Eupatorium spp.,EUPSPP,4,61,67,88,76,,,,,,,
53N,D,II,1,53N.D.II.1,2,9/20/23,12:30,2,Hypericum gentianoides,HYPGEN,4,4,3,3,4,,,,,,,
53N,D,II,1,53N.D.II.1,2,9/20/23,12:30,2,Agalinis spp.,AGASPP,1,57,,,,,,,,,,
53N,D,III,2,53N.D.III.2,2,9/20/23,11:49,8,Carphephorus bellidifolius,CARBEL,5,6,5,3,2,2,,,,,,
53N,D,III,2,53N.D.III.2,2,9/20/23,11:49,8,Croptilon divaricatum,CRODIV,6,1,5,10,4,2,4,,,,,
53N,D,III,2,53N.D.III.2,2,9/20/23,11:49,8,Hypericum gentianoides,HYPGEN,3,20,3,3,,,,,,,,
53N,D,III,2,53N.D.III.2,2,9/20/23,11:49,8,Eupatorium spp.,EUPSPP,3,59,55,76,,,,,,,,
53N,D,III,2,53N.D.III.2,2,9/20/23,11:49,8,Desmodium spp.,DESSPP,3,3,11,4,,,,,,,,
53N,D,III,2,53N.D.III.2,2,9/20/23,11:49,8,Diodia teres,DIOTER,8,1,6,7,1,1,1,2,7,,,
53N,D,III,2,53N.D.III.2,2,9/20/23,11:49,8,Hypericum hypericoides,HYPHYP,1,3,,,,,,,,,,
53N,D,IV,3,53N.D.IV.3,2,9/20/23,11:59,1,Stylosanthes biflora,STYBIF,1,1,,,,,,,,,,
53N,D,IV,3,53N.D.IV.3,2,9/20/23,11:59,1,Croptilon divaricatum,CRODIV,9,3,1,1,1,2,1,1,1,1,,
53N,D,IV,3,53N.D.IV.3,2,9/20/23,11:59,1,Desmodium spp.,DESSPP,4,10,15,2,3,,,,,,,
53N,D,IV,3,53N.D.IV.3,2,9/20/23,11:59,1,Hypericum gentianoides,HYPGEN,2,4,5,,,,,,,,,
53N,C,I,3,53N.C.I.3,2,9/20/23,10:56,1,Carphephorus bellidifolius,CARBEL,2,1,1,,,,,,,,,
53N,C,I,3,53N.C.I.3,2,9/20/23,10:56,1,Sericocarpus tortifolius,SERTOR,42,1,4,19,3,4,4,3,3,1,10,
53N,C,I,3,53N.C.I.3,2,9/20/23,10:56,1,Hypericum gentianoides,HYPGEN,10,1,22,9,11,10,2,1,3,3,4,
53N,C,I,3,53N.C.I.3,2,9/20/23,10:56,1,Liatris spp.,LIASPP,2,4,7,,,,,,,,,
53N,C,I,3,53N.C.I.3,2,9/20/23,10:56,1,Solidago spp.,SOLSPP,1,10,,,,,,,,,,
53N,C,II,3,53N.C.II.3,2,9/20/23,11:15,4,Sericocarpus tortifolius,SERTOR,30,9,10,6,8,17,4,11,9,6,12,
53N,C,II,3,53N.C.II.3,2,9/20/23,11:15,4,Hypericum gentianoides,HYPGEN,2,1,2,,,,,,,,,
53N,C,II,3,53N.C.II.3,2,9/20/23,11:15,4,Stylisma spp.,STYSPP,4,1,1,1,4,,,,,,,
53N,C,II,3,53N.C.II.3,2,9/20/23,11:15,4,Carphephorus bellidifolius,CARBEL,2,2,1,,,,,,,,,
57,C,III,1,57.C.III.1,2,9/20/23,8:29,1,Agalinis spp.,AGASPP,6,23,5,3,1,1,19,,,,,
57,C,III,1,57.C.III.1,2,9/20/23,8:29,1,Desmodium spp.,DESSPP,13,11,4,5,16,17,2,11,10,12,47,
57,C,III,1,57.C.III.1,2,9/20/23,8:29,1,Eupatorium spp.,EUPSPP,8,249,220,112,283,271,7,66,16,,,
57,C,III,1,57.C.III.1,2,9/20/23,8:29,1,Chamaecrista spp.,CHASPP,2,3,2,,,,,,,,,
53S,E,III,2,53S.E.III.2RECRUIT,3,9/21/23,2:27,4,Desmodium spp.,DESSPP,15,8,8,9,5,6,6,6,4,8,5,
53S,E,III,2,53S.E.III.2RECRUIT,3,9/21/23,2:27,4,Agalinis spp.,AGASPP,1,47,,,,,,,,,,
53S,E,III,2,53S.E.III.2RECRUIT,3,9/21/23,2:27,4,Sericocarpus tortifolius,SERTOR,43,5,6,12,13,53,23,7,41,29,20,
53S,E,III,2,53S.E.III.2RECRUIT,3,9/21/23,2:27,4,Chrysopsis gossypina,CHRGOS,2,1,1,,,,,,,,,
53S,E,III,2,53S.E.III.2RECRUIT,3,9/21/23,2:27,4,Hieracium gronovii,HIEGRO,1,5,,,,,,,,,,
53S,E,III,3,53S.E.III.3,3,9/21/23,2:44,9,Desmodium spp.,DESSPP,2,3,5,,,,,,,,,
53S,E,III,3,53S.E.III.3,3,9/21/23,2:44,9,Carphephorus bellidifolius,CARBEL,4,2,5,4,4,,,,,,,
53S,E,III,3,53S.E.III.3,3,9/21/23,2:44,9,Solidago spp.,SOLSPP,4,27,39,17,49,,,,,,,
53S,E,III,3,53S.E.III.3,3,9/21/23,2:44,9,Chrysopsis gossypina,CHRGOS,10,1,1,1,2,1,1,1,1,1,1,
53S,E,III,3,53S.E.III.3,3,9/21/23,2:44,9,Agalinis spp.,AGASPP,10,11,5,17,3,9,6,6,4,12,11,
53S,E,III,3,53S.E.III.3,3,9/21/23,2:44,9,Sericocarpus tortifolius,SERTOR,25,6,2,9,13,11,20,58,31,19,12,
53S,E,III,3,53S.E.III.3,3,9/21/23,2:44,9,Eupatorium spp.,EUPSPP,4,30,7,59,36,,,,,,,
53S,E,III,3,53S.E.III.3,3,9/21/23,2:44,9,Chamaecrista spp.,CHASPP,2,3,4,,,,,,,,,
53S,E,III,3,53S.E.III.3,3,9/21/23,2:44,9,Liatris spp.,LIASPP,1,11,,,,,,,,,,
53S,E,III,3,53S.E.III.3,3,9/21/23,2:44,9,Lespedeza spp.,LESSPP,1,22,,,,,,,,,,
53S,D,III,1,53S.D.III.1,3,9/21/23,2:02,5,Pityopsis graminifolia,PITGRA,13,2,1,1,1,4,1,1,1,2,1,
53S,D,III,1,53S.D.III.1,3,9/21/23,2:02,5,Liatris spp.,LIASPP,7,3,1,1,1,4,2,2,,,,
53S,D,III,1,53S.D.III.1,3,9/21/23,2:02,5,Desmodium spp.,DESSPP,1,1,,,,,,,,,,
53S,D,III,1,53S.D.III.1,3,9/21/23,2:02,5,Hieracium gronovii,HIEGRO,1,1,,,,,,,,,,
53S,D,III,1,53S.D.III.1,3,9/21/23,2:02,5,Eupatorium spp.,EUPSPP,1,48,,,,,,,,,,
53S,D,III,2,53S.D.III.2,3,9/21/23,2:07,4,Sericocarpus tortifolius,SERTOR,26,4,1,7,3,10,6,9,4,19,1,
53S,D,III,2,53S.D.III.2,3,9/21/23,2:07,4,Desmodium spp.,DESSPP,2,19,6,,,,,,,,,
53S,D,III,2,53S.D.III.2,3,9/21/23,2:07,4,Pityopsis graminifolia,PITGRA,2,1,1,,,,,,,,,
53S,D,III,2,53S.D.III.2,3,9/21/23,2:07,4,Liatris spp.,LIASPP,3,3,8,7,,,,,,,,
53S,D,III,2,53S.D.III.2,3,9/21/23,2:07,4,Eupatorium spp.,EUPSPP,4,33,32,38,34,,,,,,,
53S,D,III,2,53S.D.III.2,3,9/21/23,2:07,4,Chrysopsis gossypina,CHRGOS,1,4,,,,,,,,,,
53S,C,IV,2,53S.C.IV.2,3,9/21/23,1:43,1,Desmodium spp.,DESSPP,1,5,,,,,,,,,,
53S,C,IV,2,53S.C.IV.2,3,9/21/23,1:43,1,Hypericum gentianoides,HYPGEN,1,3,,,,,,,,,,
53S,C,IV,2,53S.C.IV.2,3,9/21/23,1:43,1,Solidago spp.,SOLSPP,4,4,17,9,13,,,,,,,
53S,C,IV,2,53S.C.IV.2,3,9/21/23,1:43,1,Pityopsis graminifolia,PITGRA,1,1,,,,,,,,,,
53S,C,IV,2,53S.C.IV.2,3,9/21/23,1:43,1,Chrysopsis gossypina,CHRGOS,5,1,1,1,1,1,,,,,,
53S,C,IV,2,53S.C.IV.2,3,9/21/23,1:43,1,Stylosanthes biflora,STYBIF,12,2,1,1,1,1,1,2,1,1,1,
53S,C,IV,2,53S.C.IV.2,3,9/21/23,1:43,1,Chamaecrista spp.,CHASPP,1,4,,,,,,,,,,
53S,C,IV,2,53S.C.IV.2,3,9/21/23,1:43,1,Liatris spp.,LIASPP,1,1,,,,,,,,,,
53S,C,IV,2,53S.C.IV.2,3,9/21/23,1:43,1,Diodia teres,DIOTER,1,1,,,,,,,,,,
53S,D,III,0,53S.D.III.0,3,9/21/23,1:56,2,Liatris spp.,LIASPP,3,3,7,12,,,,,,,,
53S,D,III,0,53S.D.III.0,3,9/21/23,1:56,2,Pityopsis graminifolia,PITGRA,9,1,2,1,1,1,1,2,1,1,,
53S,D,III,0,53S.D.III.0,3,9/21/23,1:56,2,Desmodium spp.,DESSPP,2,4,2,,,,,,,,,
53S,D,III,0,53S.D.III.0,3,9/21/23,1:56,2,Chamaecrista spp.,CHASPP,3,3,1,1,,,,,,,,
53S,D,III,0,53S.D.III.0,3,9/21/23,1:56,2,Sericocarpus tortifolius,SERTOR,2,12,3,,,,,,,,,
53S,B,IV,3,53S.B.IV.3,3,9/21/23,1:12,2,Desmodium spp.,DESSPP,13,2,6,23,3,7,11,13,3,7,5,
53S,B,IV,3,53S.B.IV.3,3,9/21/23,1:12,2,Hypericum gentianoides,HYPGEN,3,2,4,2,,,,,,,,
53S,B,IV,3,53S.B.IV.3,3,9/21/23,1:12,2,Croptilon divaricatum,CRODIV,8,1,1,1,4,1,2,7,1,,,
53S,B,IV,3,53S.B.IV.3,3,9/21/23,1:12,2,Diodia teres,DIOTER,10,2,1,1,1,2,1,1,1,1,1,
53S,B,IV,3,53S.B.IV.3,3,9/21/23,1:12,2,Erigeron canadensis,ERICAN,5,4,4,7,4,4,,,,,,
53S,B,IV,3,53S.B.IV.3,3,9/21/23,1:12,2,Hypericum hypericoides,HYPHYP,1,8,,,,,,,,,,
53S,B,IV,3,53S.B.IV.3,3,9/21/23,1:12,2,Solidago spp.,SOLSPP,2,64,81,,,,,,,,,
53S,B,IV,3,53S.B.IV.3,3,9/21/23,1:12,2,Chamaecrista spp.,CHASPP,2,10,2,,,,,,,,,
53S,B,IV,3,53S.B.IV.3,3,9/21/23,1:12,2,Eupatorium spp.,EUPSPP,2,86,45,,,,,,,,,
53S,C,II,3,53S.C.II.3,3,9/21/23,1:34,3,Chamaecrista spp.,CHASPP,1,2,,,,,,,,,,
53S,C,II,3,53S.C.II.3,3,9/21/23,1:34,3,Sericocarpus tortifolius,SERTOR,6,3,3,4,4,3,2,,,,,
53S,C,II,3,53S.C.II.3,3,9/21/23,1:34,3,Chrysopsis gossypina,CHRGOS,5,1,1,1,1,1,,,,,,
53S,C,II,3,53S.C.II.3,3,9/21/23,1:34,3,Hieracium gronovii,HIEGRO,1,1,,,,,,,,,,
53S,C,II,3,53S.C.II.3,3,9/21/23,1:34,3,Pityopsis graminifolia,PITGRA,2,1,1,,,,,,,,,
53S,C,II,3,53S.C.II.3,3,9/21/23,1:34,3,Lespedeza spp.,LESSPP,1,2,,,,,,,,,,
53S,C,II,3,53S.C.II.3,3,9/21/23,1:34,3,Desmodium spp.,DESSPP,1,2,,,,,,,,,,
10,C,I,1,10.C.I.1,3,9/21/23,9:40,12,Stylisma spp.,STYSPP,1,1,,,,,,,,,,
10,C,I,1,10.C.I.1,3,9/21/23,9:40,12,Hypericum gentianoides,HYPGEN,51,1,5,2,1,1,2,2,4,3,1,
10,C,I,1,10.C.I.1,3,9/21/23,9:40,12,Carphephorus bellidifolius,CARBEL,4,5,7,13,1,,,,,,,
10,C,I,1,10.C.I.1,3,9/21/23,9:40,12,Chrysopsis gossypina,CHRGOS,11,3,1,1,1,1,1,2,1,1,1,
10,C,I,1,10.C.I.1,3,9/21/23,9:40,12,Pityopsis graminifolia,PITGRA,7,3,1,3,1,1,2,1,,,,
10,C,I,1,10.C.I.1,3,9/21/23,9:40,12,Hieracium gronovii,HIEGRO,1,4,,,,,,,,,,
10,B,I,0,10.B.I.0,3,9/21/23,9:24,6,Solidago spp.,SOLSPP,1,8,,,,,,,,,,
10,B,I,0,10.B.I.0,3,9/21/23,9:24,6,Hypericum gentianoides,HYPGEN,2,2,3,,,,,,,,,
10,B,II,3,10.B.II.3,3,9/21/23,9:09,11,Hypericum gentianoides,HYPGEN,18,1,2,1,4,2,4,10,4,4,7,
10,B,II,3,10.B.II.3,3,9/21/23,9:09,11,Chamaecrista spp.,CHASPP,2,2,2,,,,,,,,,
10,B,II,3,10.B.II.3,3,9/21/23,9:09,11,Desmodium spp.,DESSPP,1,74,,,,,,,,,,
10,B,II,3,10.B.II.3,3,9/21/23,9:09,11,Pityopsis graminifolia,PITGRA,5,1,1,1,1,1,,,,,,
10,B,I,2,10.B.I.2,3,9/21/23,9:16,17,Desmodium spp.,DESSPP,2,2,9,,,,,,,,,
10,B,I,2,10.B.I.2,3,9/21/23,9:16,17,Hypericum gentianoides,HYPGEN,19,6,1,4,5,3,3,5,1,1,3,
10,B,I,2,10.B.I.2,3,9/21/23,9:16,17,Centrosema virginianum,CENVIR,2,1,1,,,,,,,,,
10,B,I,2,10.B.I.2,3,9/21/23,9:16,17,Pityopsis graminifolia,PITGRA,7,1,1,1,1,1,1,1,,,,
10,B,I,2,10.B.I.2,3,9/21/23,9:16,17,Chamaecrista spp.,CHASPP,1,4,,,,,,,,,,
10,B,I,2,10.B.I.2,3,9/21/23,9:16,17,Carphephorus bellidifolius,CARBEL,1,4,,,,,,,,,,
10,B,I,2,10.B.I.2,3,9/21/23,9:16,17,Chrysopsis gossypina,CHRGOS,2,1,1,,,,,,,,,
10,B,I,2,10.B.I.2,3,9/21/23,9:16,17,Hypericum hypericoides,HYPHYP,1,5,,,,,,,,,,
10,D,I,3,10.D.I.3,3,9/21/23,8:44,13,Chamaecrista spp.,CHASPP,17,7,12,5,2,3,4,3,14,2,2,
10,D,I,3,10.D.I.3,3,9/21/23,8:44,13,Stylosanthes biflora,STYBIF,3,1,1,1,,,,,,,,
10,D,I,3,10.D.I.3,3,9/21/23,8:44,13,Pityopsis graminifolia,PITGRA,4,1,1,2,2,,,,,,,
10,D,I,3,10.D.I.3,3,9/21/23,8:44,13,Liatris spp.,LIASPP,2,3,3,,,,,,,,,
10,D,I,3,10.D.I.3,3,9/21/23,8:44,13,Hypericum gentianoides,HYPGEN,2,1,1,,,,,,,,,
10,B,II,0,10.B.II.0,3,9/21/23,9:03,8,Hypericum gentianoides,HYPGEN,8,3,2,2,1,3,2,3,2,,,
10,B,II,0,10.B.II.0,3,9/21/23,9:03,8,Eriogonum tomentosum,ERITOM,3,1,12,13,,,,,,,,
10,B,II,0,10.B.II.0,3,9/21/23,9:03,8,Hypericum hypericoides,HYPHYP,1,1,,,,,,,,,,
10,D,IV,1,10.D.IV.1,3,9/21/23,8:22,6,Chamaecrista spp.,CHASPP,1,5,,,,,,,,,,
10,D,IV,1,10.D.IV.1,3,9/21/23,8:22,6,Liatris spp.,LIASPP,2,5,4,,,,,,,,,
10,D,IV,1,10.D.IV.1,3,9/21/23,8:22,6,Carphephorus bellidifolius,CARBEL,9,1,3,3,1,7,3,4,6,7,,
10,D,IV,1,10.D.IV.1,3,9/21/23,8:22,6,Pityopsis graminifolia,PITGRA,5,1,1,1,1,1,,,,,,
10,D,IV,1,10.D.IV.1,3,9/21/23,8:22,6,Hypericum gentianoides,HYPGEN,1,1,,,,,,,,,,
10,D,I,2,10.D.I.2,3,9/21/23,8:34,2,Chamaecrista spp.,CHASPP,16,5,26,21,12,5,7,4,5,5,1,
10,D,I,2,10.D.I.2,3,9/21/23,8:34,2,Commelina erecta,COMERE,3,3,1,1,,,,,,,,
10,D,I,2,10.D.I.2,3,9/21/23,8:34,2,Hypericum gentianoides,HYPGEN,2,1,1,,,,,,,,,
10,D,I,2,10.D.I.2,3,9/21/23,8:34,2,Pityopsis graminifolia,PITGRA,6,1,1,1,1,1,3,,,,,
10,D,I,2,10.D.I.2,3,9/21/23,8:34,2,Liatris spp.,LIASPP,4,1,3,2,3,,,,,,,
10,D,I,2,10.D.I.2,3,9/21/23,8:34,2,Eriogonum tomentosum,ERITOM,5,20,34,15,70,31,,,,,,
10,D,I,2,10.D.I.2,3,9/21/23,8:34,2,Carphephorus bellidifolius,CARBEL,1,5,,,,,,,,,,
10,B,III,0,10.B.III.0,3,9/21/23,3:06,5,Liatris spp.,LIASPP,1,4,,,,,,,,,,
10,B,III,0,10.B.III.0,3,9/21/23,3:06,5,Chamaecrista spp.,CHASPP,5,2,1,1,3,1,4,,,,,
10,B,III,0,10.B.III.0,3,9/21/23,3:06,5,Diodia teres,DIOTER,1,1,,,,,,,,,,
10,B,III,0,10.B.III.0,3,9/21/23,3:06,5,Chrysopsis gossypina,CHRGOS,1,1,,,,,,,,,,
10,B,III,2,10.B.III.2,3,9/21/23,3:10,8,Desmodium spp.,DESSPP,3,2,2,6,,,,,,,,
10,B,III,2,10.B.III.2,3,9/21/23,3:10,8,Centrosema virginianum,CENVIR,1,3,,,,,,,,,,
10,B,III,2,10.B.III.2,3,9/21/23,3:10,8,Liatris spp.,LIASPP,15,2,2,4,1,2,3,6,5,2,1,
10,B,III,2,10.B.III.2,3,9/21/23,3:10,8,Chamaecrista spp.,CHASPP,3,5,3,2,,,,,,,,
10,B,III,2,10.B.III.2,3,9/21/23,3:10,8,Chrysopsis gossypina,CHRGOS,1,1,,,,,,,,,,
10,B,III,2,10.B.III.2,3,9/21/23,3:10,8,Pityopsis graminifolia,PITGRA,2,1,1,,,,,,,,,
10,E,IV,1,10.E.IV.1,3,9/21/23,2:36,11,Chamaecrista spp.,CHASPP,4,6,1,11,2,,,,,,,
10,E,IV,1,10.E.IV.1,3,9/21/23,2:36,11,Pityopsis graminifolia,PITGRA,5,1,1,1,2,1,,,,,,
10,E,IV,1,10.E.IV.1,3,9/21/23,2:36,11,Centrosema virginianum,CENVIR,1,1,,,,,,,,,,
10,E,IV,1,10.E.IV.1,3,9/21/23,2:36,11,Desmodium spp.,DESSPP,1,1,,,,,,,,,,
10,E,III,0,10.E.III.0,3,9/21/23,2:45,57,Chamaecrista spp.,CHASPP,9,1,6,4,7,4,9,3,9,3,,
10,E,III,0,10.E.III.0,3,9/21/23,2:45,57,Stylosanthes biflora,STYBIF,2,1,1,,,,,,,,,
10,E,III,0,10.E.III.0,3,9/21/23,2:45,57,Desmodium spp.,DESSPP,1,1,,,,,,,,,,
10,E,III,0,10.E.III.0,3,9/21/23,2:45,57,Pityopsis graminifolia,PITGRA,1,1,,,,,,,,,,
8,C,II,3,8.C.II.3,3,9/23/23,1:40,3,Eupatorium spp.,EUPSPP,5,55,87,53,27,60,,,,,,
8,C,II,3,8.C.II.3,3,9/23/23,1:40,3,Pityopsis graminifolia,PITGRA,5,1,1,1,2,1,,,,,,
8,C,II,3,8.C.II.3,3,9/23/23,1:40,3,Lespedeza spp.,LESSPP,1,3,,,,,,,,,,
8,C,II,3,8.C.II.3,3,9/23/23,1:40,3,Desmodium spp.,DESSPP,4,50,68,18,11,,,,,,,
8,C,IV,3,8.C.IV.3,3,9/23/23,9:28,18,Carphephorus bellidifolius,CARBEL,2,1,2,,,,,,,,,
8,C,IV,3,8.C.IV.3,3,9/23/23,9:28,18,Agalinis spp.,AGASPP,12,3,1,2,5,7,2,3,2,1,2,
8,C,IV,3,8.C.IV.3,3,9/23/23,9:28,18,Solidago spp.,SOLSPP,54,36,45,36,38,16,85,30,35,18,65,
8,B,I,3,8.B.I.3,3,9/23/23,8:58,4,Solidago spp.,SOLSPP,10,29,42,109,7,20,14,52,6,40,18,
8,B,I,3,8.B.I.3,3,9/23/23,8:58,4,Lespedeza spp.,LESSPP,1,10,,,,,,,,,,
8,B,I,3,8.B.I.3,3,9/23/23,8:58,4,Desmodium spp.,DESSPP,2,10,15,,,,,,,,,
8,B,I,3,8.B.I.3,3,9/23/23,8:58,4,Croptilon divaricatum,CRODIV,14,6,1,2,3,3,3,1,1,2,3,
8,B,II,0,8.B.II.0,3,9/23/23,8:37,5,Eupatorium spp.,EUPSPP,5,148,36,54,4,11,,,,,,
8,B,II,0,8.B.II.0,3,9/23/23,8:37,5,Chamaecrista spp.,CHASPP,1,16,,,,,,,,,,
8,B,II,0,8.B.II.0,3,9/23/23,8:37,5,Solidago spp.,SOLSPP,9,20,54,27,9,26,19,22,13,8,,
8,B,II,0,8.B.II.0,3,9/23/23,8:37,5,Centrosema virginianum,CENVIR,1,1,,,,,,,,,,
8,B,II,0,8.B.II.0,3,9/23/23,8:37,5,Pityopsis graminifolia,PITGRA,1,2,,,,,,,,,,
8,B,II,0,8.B.II.0,3,9/23/23,8:37,5,Liatris spp.,LIASPP,3,21,2,4,,,,,,,,
8,B,II,0,8.B.II.0,3,9/23/23,8:37,5,Carphephorus bellidifolius,CARBEL,1,2,,,,,,,,,,
8,B,II,1,8.B.II.1,3,9/23/23,8:48,14,Solidago spp.,SOLSPP,16,8,19,23,9,10,14,16,6,62,10,
8,B,II,1,8.B.II.1,3,9/23/23,8:48,14,Carphephorus bellidifolius,CARBEL,2,23,1,,,,,,,,,
8,B,II,1,8.B.II.1,3,9/23/23,8:48,14,Eupatorium spp.,EUPSPP,1,58,,,,,,,,,,
8,B,II,1,8.B.II.1,3,9/23/23,8:48,14,Chamaecrista spp.,CHASPP,1,1,,,,,,,,,,
8,B,II,1,8.B.II.1,3,9/23/23,8:48,14,Desmodium spp.,DESSPP,1,5,,,,,,,,,,
8,B,IV,0,8.B.IV.0,3,9/23/23,8:21,17,Pityopsis graminifolia,PITGRA,1,3,,,,,,,,,,
8,B,IV,2,8.B.IV.1-2,3,9/23/23,8:24,16,Erigeron canadensis,ERICAN,40,13,10,8,3,13,16,17,5,20,4,
8,B,IV,2,8.B.IV.1-2,3,9/23/23,8:24,16,Hieracium gronovii,HIEGRO,1,6,,,,,,,,,,
8,B,IV,2,8.B.IV.1-2,3,9/23/23,8:24,16,Eupatorium spp.,EUPSPP,7,69,38,24,47,68,127,121,,,,
8,E,IV,0,8.E.IV.0,3,9/21/23,11:44,6,Carphephorus bellidifolius,CARBEL,7,4,1,2,2,2,2,8,,,,
8,E,IV,0,8.E.IV.0,3,9/21/23,11:44,6,Hieracium gronovii,HIEGRO,2,1,1,,,,,,,,,
8,E,IV,0,8.E.IV.0,3,9/21/23,11:44,6,Pityopsis graminifolia,PITGRA,2,1,1,,,,,,,,,
8,E,IV,0,8.E.IV.0,3,9/21/23,11:44,6,Desmodium spp.,DESSPP,1,2,,,,,,,,,,
8,E,IV,0,8.E.IV.0,3,9/21/23,11:44,6,Chamaecrista spp.,CHASPP,2,4,4,,,,,,,,,
8,E,III,3,8.E.III.3RECRUIT,3,9/21/23,11:22,9,Hypericum gentianoides,HYPGEN,7,2,4,1,3,5,4,1,,,,
8,E,III,3,8.E.III.3RECRUIT,3,9/21/23,11:22,9,Croptilon divaricatum,CRODIV,95,2,1,1,2,7,2,1,1,2,1,
8,E,III,3,8.E.III.3RECRUIT,3,9/21/23,11:22,9,Hieracium gronovii,HIEGRO,1,2,,,,,,,,,,
8,E,III,3,8.E.III.3RECRUIT,3,9/21/23,11:22,9,Chamaecrista spp.,CHASPP,2,4,12,,,,,,,,,
8,E,III,3,8.E.III.3RECRUIT,3,9/21/23,11:22,9,Desmodium spp.,DESSPP,4,9,6,9,23,,,,,,,
8,E,III,3,8.E.III.3RECRUIT,3,9/21/23,11:22,9,Eupatorium spp.,EUPSPP,1,57,,,,,,,,,,
8,E,IV,1,8.E.IV.1RECRUIT,3,9/21/23,11:35,1,Hieracium gronovii,HIEGRO,1,1,,,,,,,,,,
8,E,IV,1,8.E.IV.1RECRUIT,3,9/21/23,11:35,1,Chamaecrista spp.,CHASPP,6,1,1,1,1,4,6,,,,,
8,E,IV,1,8.E.IV.1RECRUIT,3,9/21/23,11:35,1,Pityopsis graminifolia,PITGRA,4,3,3,1,1,,,,,,,
8,E,IV,1,8.E.IV.1RECRUIT,3,9/21/23,11:35,1,Hypericum hypericoides,HYPHYP,1,1,,,,,,,,,,
8,E,IV,1,8.E.IV.1RECRUIT,3,9/21/23,11:35,1,Eupatorium spp.,EUPSPP,3,154,31,62,,,,,,,,
8,E,IV,1,8.E.IV.1RECRUIT,3,9/21/23,11:35,1,Solidago spp.,SOLSPP,1,15,,,,,,,,,,
8,E,IV,1,8.E.IV.1RECRUIT,3,9/21/23,11:35,1,Carphephorus bellidifolius,CARBEL,2,9,1,,,,,,,,,
8,E,IV,1,8.E.IV.1RECRUIT,3,9/21/23,11:35,1,Desmodium spp.,DESSPP,2,3,5,,,,,,,,,
8,E,IV,1,8.E.IV.1RECRUIT,3,9/21/23,11:35,1,Croptilon divaricatum,CRODIV,1,2,,,,,,,,,,
8,D,IV,3,8.D.IV.3,3,9/21/23,10:58,5,Desmodium spp.,DESSPP,11,1,3,12,1,5,5,8,4,1,2,
8,D,IV,3,8.D.IV.3,3,9/21/23,10:58,5,Pityopsis graminifolia,PITGRA,18,1,1,1,1,1,1,1,1,1,1,
8,D,IV,3,8.D.IV.3,3,9/21/23,10:58,5,Hypericum gentianoides,HYPGEN,1,2,,,,,,,,,,
8,D,IV,3,8.D.IV.3,3,9/21/23,10:58,5,Carphephorus bellidifolius,CARBEL,3,1,4,2,,,,,,,,
8,D,IV,3,8.D.IV.3,3,9/21/23,10:58,5,Chamaecrista spp.,CHASPP,17,11,1,2,2,3,6,4,6,7,9,
8,E,III,1,8.E.III.1,3,9/21/23,11:11,3,Carphephorus bellidifolius,CARBEL,1,1,,,,,,,,,,
8,E,III,1,8.E.III.1,3,9/21/23,11:11,3,Desmodium spp.,DESSPP,17,4,5,2,1,4,2,22,23,4,7,
8,E,III,1,8.E.III.1,3,9/21/23,11:11,3,Hypericum hypericoides,HYPHYP,1,2,,,,,,,,,,
8,E,III,1,8.E.III.1,3,9/21/23,11:11,3,Hypericum gentianoides,HYPGEN,2,2,1,,,,,,,,,
8,E,III,1,8.E.III.1,3,9/21/23,11:11,3,Solidago spp.,SOLSPP,3,53,5,23,,,,,,,,
8,E,III,1,8.E.III.1,3,9/21/23,11:11,3,Chamaecrista spp.,CHASPP,2,5,3,,,,,,,,,
8,E,III,1,8.E.III.1,3,9/21/23,11:11,3,Agalinis spp.,AGASPP,1,5,,,,,,,,,,
8,E,III,1,8.E.III.1,3,9/21/23,11:11,3,Liatris spp.,LIASPP,4,3,6,3,1,,,,,,,
8,E,III,1,8.E.III.1,3,9/21/23,11:11,3,Eupatorium spp.,EUPSPP,2,58,22,,,,,,,,,
8,E,III,1,8.E.III.1,3,9/21/23,11:11,3,Pityopsis graminifolia,PITGRA,2,1,1,,,,,,,,,
8,E,III,1,8.E.III.1,3,9/21/23,11:11,3,Hieracium gronovii,HIEGRO,1,2,,,,,,,,,,
8,D,I,1,8.D.I.1,3,9/21/23,10:33,1,Carphephorus bellidifolius,CARBEL,7,4,3,3,4,3,2,2,,,,
8,D,I,1,8.D.I.1,3,9/21/23,10:33,1,Pityopsis graminifolia,PITGRA,34,1,1,2,1,1,1,1,2,2,2,
8,D,I,1,8.D.I.1,3,9/21/23,10:33,1,Desmodium spp.,DESSPP,6,7,8,3,22,10,2,,,,,
8,D,I,1,8.D.I.1,3,9/21/23,10:33,1,Hypericum gentianoides,HYPGEN,7,1,2,4,6,1,1,1,,,,
8,D,I,1,8.D.I.1,3,9/21/23,10:33,1,Centrosema virginianum,CENVIR,4,1,1,2,1,,,,,,,
8,D,I,1,8.D.I.1,3,9/21/23,10:33,1,Croptilon divaricatum,CRODIV,14,1,3,2,1,2,5,1,4,1,2,
8,D,I,1,8.D.I.1,3,9/21/23,10:33,1,Erigeron canadensis,ERICAN,2,5,15,,,,,,,,,
8,D,I,1,8.D.I.1,3,9/21/23,10:33,1,Hieracium gronovii,HIEGRO,3,2,2,2,,,,,,,,
8,D,I,1,8.D.I.1,3,9/21/23,10:33,1,Chamaecrista spp.,CHASPP,1,1,,,,,,,,,,
8,D,I,1,8.D.I.1,3,9/21/23,10:33,1,Solidago spp.,SOLSPP,1,8,,,,,,,,,,
8,D,II,1,8.D.II.1,3,9/21/23,10:46,8,Croptilon divaricatum,CRODIV,6,1,1,8,6,1,2,,,,,
8,D,II,1,8.D.II.1,3,9/21/23,10:46,8,Pityopsis graminifolia,PITGRA,15,1,1,1,1,1,1,1,1,1,1,
8,D,II,1,8.D.II.1,3,9/21/23,10:46,8,Hypericum gentianoides,HYPGEN,7,1,2,3,5,4,4,8,,,,
8,D,II,1,8.D.II.1,3,9/21/23,10:46,8,Chamaecrista spp.,CHASPP,27,5,4,3,24,3,8,5,9,3,7,
8,D,II,1,8.D.II.1,3,9/21/23,10:46,8,Solidago spp.,SOLSPP,1,12,,,,,,,,,,
8,D,II,1,8.D.II.1,3,9/21/23,10:46,8,Hieracium gronovii,HIEGRO,1,2,,,,,,,,,,
8,D,II,1,8.D.II.1,3,9/21/23,10:46,8,Erigeron canadensis,ERICAN,5,1,2,7,7,7,,,,,,
8,D,II,1,8.D.II.1,3,9/21/23,10:46,8,Desmodium spp.,DESSPP,2,9,37,,,,,,,,,
52,B,I,1,52.B.I.1,3,9/24/23,11:08,1,Pityopsis graminifolia,PITGRA,11,1,1,1,2,1,1,5,2,2,2,
52,B,I,1,52.B.I.1,3,9/24/23,11:08,1,Hieracium gronovii,HIEGRO,2,2,1,,,,,,,,,
52,B,I,1,52.B.I.1,3,9/24/23,11:08,1,Sericocarpus tortifolius,SERTOR,2,20,58,,,,,,,,,
52,B,I,1,52.B.I.1,3,9/24/23,11:08,1,Hypericum gentianoides,HYPGEN,5,2,5,1,1,1,,,,,,
52,E,III,2,52.E.III.2,3,9/24/23,10:01,7,Hypericum gentianoides,HYPGEN,17,11,4,7,10,3,4,5,5,3,5,
52,E,III,2,52.E.III.2,3,9/24/23,10:01,7,Solidago spp.,SOLSPP,10,32,4,21,30,20,13,16,34,20,31,
52,E,III,2,52.E.III.2,3,9/24/23,10:01,7,Hieracium gronovii,HIEGRO,1,1,,,,,,,,,,
52,E,II,3,52.E.II.3RECRUIT,3,9/24/23,10:26,17,Hypericum gentianoides,HYPGEN,35,9,4,8,1,1,3,4,2,4,6,
52,E,II,3,52.E.II.3RECRUIT,3,9/24/23,10:26,17,Liatris spp.,LIASPP,25,4,3,43,5,3,7,10,68,1,48,
52,E,II,3,52.E.II.3RECRUIT,3,9/24/23,10:26,17,Solidago spp.,SOLSPP,1,69,,,,,,,,,,
52,E,II,3,52.E.II.3RECRUIT,3,9/24/23,10:26,17,Sericocarpus tortifolius,SERTOR,12,26,15,3,14,9,11,7,19,14,10,
52,E,II,3,52.E.II.3RECRUIT,3,9/24/23,10:26,17,Eupatorium spp.,EUPSPP,1,171,,,,,,,,,,
52,C,IV,3,52.C.IV.3,3,9/24/23,8:28,9,Pityopsis graminifolia,PITGRA,45,1,1,1,2,2,1,4,1,1,2,
52,C,IV,3,52.C.IV.3,3,9/24/23,8:28,9,Desmodium spp.,DESSPP,1,36,,,,,,,,,,
52,C,IV,3,52.C.IV.3,3,9/24/23,8:28,9,Sericocarpus tortifolius,SERTOR,23,35,11,13,13,11,12,29,4,11,13,
52,C,IV,3,52.C.IV.3,3,9/24/23,8:28,9,Carphephorus bellidifolius,CARBEL,2,1,1,,,,,,,,,
52,C,IV,3,52.C.IV.3,3,9/24/23,8:28,9,Chrysopsis gossypina,CHRGOS,32,1,1,1,1,1,1,1,1,1,1,
52,C,IV,3,52.C.IV.3,3,9/24/23,8:28,9,Liatris spp.,LIASPP,1,46,,,,,,,,,,
52,D,III,3,52.D.III.3,3,9/24/23,8:49,1,Solidago spp.,SOLSPP,44,23,53,20,52,116,34,17,162,85,36,
52,D,III,3,52.D.III.3,3,9/24/23,8:49,1,Desmodium spp.,DESSPP,9,4,7,24,87,21,47,37,4,37,,
52,D,III,3,52.D.III.3,3,9/24/23,8:49,1,Chamaecrista spp.,CHASPP,1,7,,,,,,,,,,
52,D,III,3,52.D.III.3,3,9/24/23,8:49,1,Liatris spp.,LIASPP,1,1,,,,,,,,,,
52,D,III,3,52.D.III.3,3,9/24/23,8:49,1,Sericocarpus tortifolius,SERTOR,5,8,17,6,9,8,,,,,,
52,D,III,3,52.D.III.3,3,9/24/23,8:49,1,Eupatorium spp.,EUPSPP,1,17,,,,,,,,,,
52,D,III,3,52.D.III.3,3,9/24/23,8:49,1,Carphephorus bellidifolius,CARBEL,1,2,,,,,,,,,,
52,C,II,0,52.C.II.0,3,9/24/23,9:03,3,Solidago spp.,SOLSPP,5,99,42,178,145,73,,,,,,
52,C,II,0,52.C.II.0,3,9/24/23,9:03,3,Sericocarpus tortifolius,SERTOR,2,1,8,,,,,,,,,
52,C,II,0,52.C.II.0,3,9/24/23,9:03,3,Desmodium spp.,DESSPP,1,26,,,,,,,,,,
52,C,III,3,52.C.III.3,3,9/24/23,8:05,5,Carphephorus bellidifolius,CARBEL,1,2,,,,,,,,,,
52,C,III,3,52.C.III.3,3,9/24/23,8:05,5,Solidago spp.,SOLSPP,60,25,10,53,22,18,19,25,18,66,21,
52,C,III,3,52.C.III.3,3,9/24/23,8:05,5,Liatris spp.,LIASPP,7,4,14,3,3,5,18,18,,,,
52,C,III,3,52.C.III.3,3,9/24/23,8:05,5,Pityopsis graminifolia,PITGRA,22,1,1,1,1,1,1,2,1,1,1,
52,C,III,3,52.C.III.3,3,9/24/23,8:05,5,Desmodium spp.,DESSPP,10,5,25,142,45,17,27,20,11,54,12,
52,C,III,3,52.C.III.3,3,9/24/23,8:05,5,Eupatorium spp.,EUPSPP,12,15,51,9,37,84,50,85,56,37,37,
52,C,III,3,52.C.III.3,3,9/24/23,8:05,5,Sericocarpus tortifolius,SERTOR,3,23,12,23,,,,,,,,
52,C,III,3,52.C.III.3,3,9/24/23,8:05,5,Lespedeza spp.,LESSPP,7,7,5,13,8,9,13,10,,,,
52,C,III,3,52.C.III.3,3,9/24/23,8:05,5,Chrysopsis gossypina,CHRGOS,24,1,1,1,1,1,1,1,1,1,1,
52,C,II,2,52.C.II.2,3,9/24/23,8:32,2,Pityopsis graminifolia,PITGRA,10,2,1,1,1,1,1,1,1,1,2,
52,C,II,2,52.C.II.2,3,9/24/23,8:32,2,Chrysopsis gossypina,CHRGOS,19,1,2,4,1,1,1,1,1,1,2,
52,C,II,2,52.C.II.2,3,9/24/23,8:32,2,Liatris spp.,LIASPP,102,3,3,5,4,8,3,16,7,12,2,
52,C,II,2,52.C.II.2,3,9/24/23,8:32,2,Eupatorium spp.,EUPSPP,6,81,323,44,218,57,74,,,,,
52,C,II,1,52.C.II.1,3,9/24/23,8:49,2,Eupatorium spp.,EUPSPP,3,116,168,360,,,,,,,,
52,C,II,1,52.C.II.1,3,9/24/23,8:49,2,Liatris spp.,LIASPP,16,4,10,3,1,2,8,4,3,7,9,
52,C,II,1,52.C.II.1,3,9/24/23,8:49,2,Sericocarpus tortifolius,SERTOR,5,4,3,36,55,21,,,,,,
52,C,II,1,52.C.II.1,3,9/24/23,8:49,2,Pityopsis graminifolia,PITGRA,8,1,2,2,3,1,1,1,1,,,
52,C,II,1,52.C.II.1,3,9/24/23,8:49,2,Chrysopsis gossypina,CHRGOS,6,2,1,1,1,2,1,,,,,
52,C,II,1,52.C.II.1,3,9/24/23,8:49,2,Chamaecrista spp.,CHASPP,1,4,,,,,,,,,,
52,C,I,1,52.C.I.1,3,9/22/23,8:05,3,Carphephorus bellidifolius,CARBEL,4,2,1,3,3,,,,,,,
52,C,I,1,52.C.I.1,3,9/22/23,8:05,3,Pityopsis graminifolia,PITGRA,31,1,3,1,1,2,2,1,1,1,1,
52,C,I,1,52.C.I.1,3,9/22/23,8:05,3,Sericocarpus tortifolius,SERTOR,1,22,,,,,,,,,,
52,C,I,3,52.C.I.3,3,9/22/23,8:13,1,Liatris spp.,LIASPP,58,19,4,28,3,8,4,19,1,5,4,
52,C,I,3,52.C.I.3,3,9/22/23,8:13,1,Solidago spp.,SOLSPP,15,46,17,11,10,24,27,5,46,26,32,
52,C,I,3,52.C.I.3,3,9/22/23,8:13,1,Pityopsis graminifolia,PITGRA,9,1,1,1,1,1,2,1,1,6,,
52,C,I,3,52.C.I.3,3,9/22/23,8:13,1,Sericocarpus tortifolius,SERTOR,47,14,24,4,10,24,5,11,7,20,12,
52,C,I,3,52.C.I.3,3,9/22/23,8:13,1,Chrysopsis gossypina,CHRGOS,12,3,1,1,1,2,3,1,1,1,1,
53N,C,I,3,53N.C.I.3,3,9/24/23,3:22,1,Sericocarpus tortifolius,SERTOR,21,6,2,15,5,33,51,9,8,5,6,
53N,C,I,3,53N.C.I.3,3,9/24/23,3:22,1,Liatris spp.,LIASPP,2,1,7,,,,,,,,,
53N,C,I,3,53N.C.I.3,3,9/24/23,3:22,1,Eupatorium spp.,EUPSPP,1,14,,,,,,,,,,
53N,C,III,2,53N.C.III.2,3,9/24/23,3:36,3,Sericocarpus tortifolius,SERTOR,39,4,7,11,14,10,24,40,51,5,10,
53N,C,III,2,53N.C.III.2,3,9/24/23,3:36,3,Liatris spp.,LIASPP,2,3,2,,,,,,,,,
53N,C,III,2,53N.C.III.2,3,9/24/23,3:36,3,Pityopsis graminifolia,PITGRA,1,1,,,,,,,,,,
53N,C,III,2,53N.C.III.2,3,9/24/23,3:36,3,Eupatorium spp.,EUPSPP,1,53,,,,,,,,,,
53N,C,III,2,53N.C.III.2,3,9/24/23,3:36,3,Carphephorus bellidifolius,CARBEL,1,1,,,,,,,,,,
53N,D,III,2,53N.D.III.2,3,9/24/23,2:43,15,Carphephorus bellidifolius,CARBEL,8,5,6,2,2,2,1,2,3,,,
53N,D,III,2,53N.D.III.2,3,9/24/23,2:43,15,Croptilon divaricatum,CRODIV,21,1,1,1,1,1,2,1,1,1,1,
53N,D,III,2,53N.D.III.2,3,9/24/23,2:43,15,Desmodium spp.,DESSPP,1,6,,,,,,,,,,
53N,C,II,3,53N.C.II.3,3,9/24/23,3:07,7,Carphephorus bellidifolius,CARBEL,1,5,,,,,,,,,,
53N,C,II,3,53N.C.II.3,3,9/24/23,3:07,7,Sericocarpus tortifolius,SERTOR,30,3,5,3,5,8,7,9,4,8,6,
53N,C,II,3,53N.C.II.3,3,9/24/23,3:07,7,Eupatorium spp.,EUPSPP,1,53,,,,,,,,,,
53N,E,III,1,53N.E.III.1,3,9/24/23,1:44,3,Desmodium spp.,DESSPP,11,3,5,13,1,1,1,27,5,2,5,
53N,E,III,1,53N.E.III.1,3,9/24/23,1:44,3,Chamaecrista spp.,CHASPP,1,5,,,,,,,,,,
53N,E,III,1,53N.E.III.1,3,9/24/23,1:44,3,Liatris spp.,LIASPP,4,3,8,3,3,,,,,,,
53N,E,III,1,53N.E.III.1,3,9/24/23,1:44,3,Eupatorium spp.,EUPSPP,2,326,82,,,,,,,,,
53N,E,III,1,53N.E.III.1,3,9/24/23,1:44,3,Hieracium gronovii,HIEGRO,1,1,,,,,,,,,,
53N,D,II,1,53N.D.II.1,3,9/24/23,2:14,2,Croptilon divaricatum,CRODIV,243,2,2,1,1,1,2,1,1,1,1,
53N,D,II,1,53N.D.II.1,3,9/24/23,2:14,2,Sericocarpus tortifolius,SERTOR,1,1,,,,,,,,,,
53N,D,II,1,53N.D.II.1,3,9/24/23,2:14,2,Eupatorium spp.,EUPSPP,6,52,47,161,60,16,51,,,,,
53N,D,II,1,53N.D.II.1,3,9/24/23,2:14,2,Solidago spp.,SOLSPP,5,26,55,36,98,120,,,,,,
53N,D,II,1,53N.D.II.1,3,9/24/23,2:14,2,Agalinis spp.,AGASPP,2,1,2,,,,,,,,,
10,B,II,0,10.B.II.0,4,9/25/23,1:07,14,Erigeron canadensis,ERICAN,1,5,,,,,,,,,,
10,C,I,1,10.C.I.1,4,9/25/23,1:23,35,Carphephorus bellidifolius,CARBEL,5,3,9,4,12,1,,,,,,
10,C,I,1,10.C.I.1,4,9/25/23,1:23,35,Chrysopsis gossypina,CHRGOS,16,2,1,1,1,1,1,1,1,1,1,
10,C,I,1,10.C.I.1,4,9/25/23,1:23,35,Hypericum gentianoides,HYPGEN,3,1,1,2,,,,,,,,
10,C,I,1,10.C.I.1,4,9/25/23,1:23,35,Pityopsis graminifolia,PITGRA,7,1,2,1,2,3,1,3,,,,
10,C,I,1,10.C.I.1,4,9/25/23,1:23,35,Liatris spp.,LIASPP,3,4,3,1,,,,,,,,
10,C,I,1,10.C.I.1,4,9/25/23,1:23,35,Solidago spp.,SOLSPP,1,21,,,,,,,,,,
10,B,I,2,10.B.I.2,4,9/25/23,12:53,26,Chrysopsis gossypina,CHRGOS,6,1,1,1,1,1,1,,,,,
10,B,I,2,10.B.I.2,4,9/25/23,12:53,26,Pityopsis graminifolia,PITGRA,8,1,2,1,1,3,1,1,2,,,
10,B,I,2,10.B.I.2,4,9/25/23,12:53,26,Carphephorus bellidifolius,CARBEL,1,18,,,,,,,,,,
10,B,II,3,10.B.II.3,4,9/25/23,1:00,18,Pityopsis graminifolia,PITGRA,6,1,2,1,1,1,1,,,,,
10,B,II,3,10.B.II.3,4,9/25/23,1:00,18,Chrysopsis gossypina,CHRGOS,2,1,1,,,,,,,,,
10,B,II,3,10.B.II.3,4,9/25/23,1:00,18,Desmodium spp.,DESSPP,1,6,,,,,,,,,,
10,B,III,2,10.B.III.2,4,9/25/23,12:36,20,Pityopsis graminifolia,PITGRA,2,1,1,,,,,,,,,
10,B,III,2,10.B.III.2,4,9/25/23,12:36,20,Liatris spp.,LIASPP,23,18,13,15,2,1,4,3,41,23,8,
10,B,III,2,10.B.III.2,4,9/25/23,12:36,20,Chamaecrista spp.,CHASPP,1,4,,,,,,,,,,
10,B,III,2,10.B.III.2,4,9/25/23,12:36,20,Chrysopsis gossypina,CHRGOS,2,1,1,,,,,,,,,
10,B,III,2,10.B.III.2,4,9/25/23,12:36,20,Desmodium spp.,DESSPP,1,8,,,,,,,,,,
10,B,III,2,10.B.III.2,4,9/25/23,12:36,20,Centrosema virginianum,CENVIR,1,1,,,,,,,,,,
10,B,I,0,10.B.I.0,4,9/25/23,12:46,23,Solidago spp.,SOLSPP,1,40,,,,,,,,,,
10,B,I,0,10.B.I.0,4,9/25/23,12:46,23,Chrysopsis gossypina,CHRGOS,6,1,1,2,1,2,1,,,,,
10,E,III,0,10.E.III.0,4,9/25/23,12:05,83,Desmodium spp.,DESSPP,2,3,7,,,,,,,,,
10,E,III,0,10.E.III.0,4,9/25/23,12:05,83,Pityopsis graminifolia,PITGRA,2,1,1,,,,,,,,,
10,E,III,0,10.E.III.0,4,9/25/23,12:05,83,Diodia teres,DIOTER,2,4,1,,,,,,,,,
10,B,III,0,10.B.III.0,4,9/25/23,12:27,15,Hieracium gronovii,HIEGRO,2,1,1,,,,,,,,,
10,B,III,0,10.B.III.0,4,9/25/23,12:27,15,Pityopsis graminifolia,PITGRA,2,1,1,,,,,,,,,
10,B,III,0,10.B.III.0,4,9/25/23,12:27,15,Liatris spp.,LIASPP,1,21,,,,,,,,,,
10,B,III,0,10.B.III.0,4,9/25/23,12:27,15,Solidago spp.,SOLSPP,5,40,20,19,46,45,,,,,,
10,B,III,0,10.B.III.0,4,9/25/23,12:27,15,Chamaecrista spp.,CHASPP,1,8,,,,,,,,,,
10,B,III,0,10.B.III.0,4,9/25/23,12:27,15,Desmodium spp.,DESSPP,3,4,4,2,,,,,,,,
10,B,III,0,10.B.III.0,4,9/25/23,12:27,15,Diodia teres,DIOTER,1,2,,,,,,,,,,
10,B,III,0,10.B.III.0,4,9/25/23,12:27,15,Chrysopsis gossypina,CHRGOS,1,1,,,,,,,,,,
10,E,IV,1,10.E.IV.1,4,9/25/23,11:56,9,Desmodium spp.,DESSPP,2,1,2,,,,,,,,,
10,E,IV,1,10.E.IV.1,4,9/25/23,11:56,9,Chamaecrista spp.,CHASPP,2,4,2,,,,,,,,,
10,E,IV,2,10.E.IV.2,4,9/25/23,11:59,1,Pityopsis graminifolia,PITGRA,1,1,,,,,,,,,,
10,E,IV,2,10.E.IV.2,4,9/25/23,11:59,1,Chamaecrista spp.,CHASPP,2,9,7,,,,,,,,,
10,E,IV,2,10.E.IV.2,4,9/25/23,11:59,1,Hypericum gentianoides,HYPGEN,1,3,,,,,,,,,,
10,D,I,2,10.D.I.2,4,9/25/23,11:34,3,Carphephorus bellidifolius,CARBEL,1,5,,,,,,,,,,
10,D,I,2,10.D.I.2,4,9/25/23,11:34,3,Hypericum gentianoides,HYPGEN,2,2,1,,,,,,,,,
10,D,I,2,10.D.I.2,4,9/25/23,11:34,3,Liatris spp.,LIASPP,3,7,4,8,,,,,,,,
10,D,I,2,10.D.I.2,4,9/25/23,11:34,3,Eriogonum tomentosum,ERITOM,2,21,26,,,,,,,,,
10,D,I,2,10.D.I.2,4,9/25/23,11:34,3,Pityopsis graminifolia,PITGRA,5,1,1,1,1,1,,,,,,
10,D,I,2,10.D.I.2,4,9/25/23,11:34,3,Chamaecrista spp.,CHASPP,4,7,21,12,9,,,,,,,
10,D,I,2,10.D.I.2,4,9/25/23,11:34,3,Commelina erecta,COMERE,1,1,,,,,,,,,,
10,D,I,2,10.D.I.2,4,9/25/23,11:34,3,Diodia teres,DIOTER,1,3,,,,,,,,,,
10,D,III,1,10.D.III.1,4,9/25/23,11:44,1,Diodia teres,DIOTER,5,2,2,2,1,1,,,,,,
10,D,IV,1,10.D.IV.1,4,9/25/23,11:18,6,Chamaecrista spp.,CHASPP,1,9,,,,,,,,,,
10,D,IV,1,10.D.IV.1,4,9/25/23,11:18,6,Carphephorus bellidifolius,CARBEL,5,1,2,4,9,7,,,,,,
10,D,IV,1,10.D.IV.1,4,9/25/23,11:18,6,Pityopsis graminifolia,PITGRA,5,1,3,3,1,1,,,,,,
10,D,IV,1,10.D.IV.1,4,9/25/23,11:18,6,Hypericum gentianoides,HYPGEN,4,1,1,1,2,,,,,,,
10,D,IV,1,10.D.IV.1,4,9/25/23,11:18,6,Liatris spp.,LIASPP,1,17,,,,,,,,,,
10,D,I,1,10.D.I.1,4,9/25/23,11:30,2,Chamaecrista spp.,CHASPP,2,3,6,,,,,,,,,
10,D,I,1,10.D.I.1,4,9/25/23,11:30,2,Pityopsis graminifolia,PITGRA,2,1,2,,,,,,,,,
53S,C,IV,2,53S.C.IV.2,4,9/28/23,11:51,8,Hypericum gentianoides,HYPGEN,25,3,1,1,3,3,4,1,3,1,5,
53S,C,IV,2,53S.C.IV.2,4,9/28/23,11:51,8,Pityopsis graminifolia,PITGRA,5,1,1,1,1,1,,,,,,
53S,C,IV,2,53S.C.IV.2,4,9/28/23,11:51,8,Ipomoea pandurata,IPOPAN,1,1,,,,,,,,,,
53S,C,IV,2,53S.C.IV.2,4,9/28/23,11:51,8,Chamaecrista spp.,CHASPP,1,1,,,,,,,,,,
53S,C,IV,2,53S.C.IV.2,4,9/28/23,11:51,8,Lespedeza spp.,LESSPP,1,11,,,,,,,,,,
53S,C,IV,2,53S.C.IV.2,4,9/28/23,11:51,8,Chrysopsis gossypina,CHRGOS,15,1,1,1,1,1,1,1,1,1,1,
53S,C,IV,2,53S.C.IV.2,4,9/28/23,11:51,8,Solidago spp.,SOLSPP,3,20,34,7,,,,,,,,
53S,C,IV,2,53S.C.IV.2,4,9/28/23,11:51,8,Desmodium spp.,DESSPP,1,38,,,,,,,,,,
53S,C,II,0,53S.C.II.0,4,9/28/23,12:35,2,Hieracium gronovii,HIEGRO,3,2,2,9,,,,,,,,
53S,C,II,0,53S.C.II.0,4,9/28/23,12:35,2,Pityopsis graminifolia,PITGRA,17,1,2,2,6,3,3,6,2,3,1,
53S,C,II,0,53S.C.II.0,4,9/28/23,12:35,2,Chrysopsis gossypina,CHRGOS,21,1,1,1,1,3,1,3,1,1,2,
53S,C,II,0,53S.C.II.0,4,9/28/23,12:35,2,Eupatorium spp.,EUPSPP,1,32,,,,,,,,,,
53S,C,II,0,53S.C.II.0,4,9/28/23,12:35,2,Solidago spp.,SOLSPP,6,50,306,101,196,232,119,,,,,
53S,C,II,0,53S.C.II.0,4,9/28/23,12:35,2,Desmodium spp.,DESSPP,2,10,2,,,,,,,,,
53S,C,II,0,53S.C.II.0,4,9/28/23,12:35,2,Chamaecrista spp.,CHASPP,1,3,,,,,,,,,,
53S,B,IV,3,53S.B.IV.3,4,9/28/23,11:05,7,Solidago spp.,SOLSPP,14,70,41,29,26,76,131,22,32,37,84,
53S,B,IV,3,53S.B.IV.3,4,9/28/23,11:05,7,Desmodium spp.,DESSPP,8,13,7,18,12,14,25,14,2,,,
53S,B,IV,3,53S.B.IV.3,4,9/28/23,11:05,7,Hypericum gentianoides,HYPGEN,10,7,7,7,23,31,5,3,1,5,5,
53S,B,IV,3,53S.B.IV.3,4,9/28/23,11:05,7,Croptilon divaricatum,CRODIV,6,6,2,4,8,10,8,,,,,
53S,B,IV,3,53S.B.IV.3,4,9/28/23,11:05,7,Erigeron canadensis,ERICAN,4,18,5,8,5,,,,,,,
53S,B,IV,3,53S.B.IV.3,4,9/28/23,11:05,7,Liatris spp.,LIASPP,4,4,8,2,2,,,,,,,
53S,B,IV,3,53S.B.IV.3,4,9/28/23,11:05,7,Pityopsis graminifolia,PITGRA,2,1,3,,,,,,,,,
53S,B,IV,3,53S.B.IV.3,4,9/28/23,11:05,7,Hypericum hypericoides,HYPHYP,3,2,7,1,,,,,,,,
53S,B,IV,3,53S.B.IV.3,4,9/28/23,11:05,7,Chamaecrista spp.,CHASPP,1,1,,,,,,,,,,
53S,C,II,3,53S.C.II.3,4,9/28/23,11:34,7,Hypericum gentianoides,HYPGEN,5,3,3,5,1,2,,,,,,
53S,C,II,3,53S.C.II.3,4,9/28/23,11:34,7,Chrysopsis gossypina,CHRGOS,12,2,1,1,1,1,1,1,1,1,1,
53S,C,II,3,53S.C.II.3,4,9/28/23,11:34,7,Sericocarpus tortifolius,SERTOR,19,7,3,2,17,1,24,12,12,20,13,
53S,C,II,3,53S.C.II.3,4,9/28/23,11:34,7,Pityopsis graminifolia,PITGRA,11,1,1,1,1,4,1,1,1,1,1,
53S,C,II,3,53S.C.II.3,4,9/28/23,11:34,7,Solidago spp.,SOLSPP,20,5,17,14,13,8,95,20,69,20,9,
53S,C,II,3,53S.C.II.3,4,9/28/23,11:34,7,Desmodium spp.,DESSPP,1,17,,,,,,,,,,
53S,C,II,3,53S.C.II.3,4,9/28/23,11:34,7,Eupatorium spp.,EUPSPP,2,44,85,,,,,,,,,
53S,C,II,3,53S.C.II.3,4,9/28/23,11:34,7,Croptilon divaricatum,CRODIV,2,1,1,,,,,,,,,
53S,D,III,0,53S.D.III.0,4,9/27/23,4:02,18,Pityopsis graminifolia,PITGRA,9,3,1,4,1,1,5,1,1,1,,
53S,D,III,0,53S.D.III.0,4,9/27/23,4:02,18,Liatris spp.,LIASPP,4,11,1,6,4,,,,,,,
53S,D,III,0,53S.D.III.0,4,9/27/23,4:02,18,Desmodium spp.,DESSPP,2,5,6,,,,,,,,,
53S,D,III,0,53S.D.III.0,4,9/27/23,4:02,18,Sericocarpus tortifolius,SERTOR,2,17,10,,,,,,,,,
53S,D,III,2,53S.D.III.2,4,9/27/23,3:48,3,Hypericum gentianoides,HYPGEN,1,2,,,,,,,,,,
53S,D,III,2,53S.D.III.2,4,9/27/23,3:48,3,Sericocarpus tortifolius,SERTOR,27,3,5,9,15,10,5,3,9,3,10,
53S,D,III,2,53S.D.III.2,4,9/27/23,3:48,3,Hieracium gronovii,HIEGRO,1,5,,,,,,,,,,
53S,D,III,2,53S.D.III.2,4,9/27/23,3:48,3,Desmodium spp.,DESSPP,2,11,7,,,,,,,,,
53S,D,III,2,53S.D.III.2,4,9/27/23,3:48,3,Pityopsis graminifolia,PITGRA,2,1,1,,,,,,,,,
53S,D,III,2,53S.D.III.2,4,9/27/23,3:48,3,Eupatorium spp.,EUPSPP,4,17,26,22,67,,,,,,,
53S,D,III,2,53S.D.III.2,4,9/27/23,3:48,3,Liatris spp.,LIASPP,8,7,1,4,8,11,16,6,5,,,
53S,D,III,2,53S.D.III.2,4,9/27/23,3:48,3,Chrysopsis gossypina,CHRGOS,3,1,1,1,,,,,,,,
53S,D,III,2,53S.D.III.2,4,9/27/23,3:48,3,Solidago spp.,SOLSPP,1,22,,,,,,,,,,
53S,D,III,1,53S.D.III.1,4,9/27/23,3:56,12,Pityopsis graminifolia,PITGRA,22,5,1,1,1,1,1,1,1,2,2,
53S,D,III,1,53S.D.III.1,4,9/27/23,3:56,12,Liatris spp.,LIASPP,13,4,17,6,1,6,4,5,4,5,10,
53S,D,III,1,53S.D.III.1,4,9/27/23,3:56,12,Chrysopsis gossypina,CHRGOS,2,1,1,,,,,,,,,
53S,D,III,1,53S.D.III.1,4,9/27/23,3:56,12,Eupatorium spp.,EUPSPP,1,50,,,,,,,,,,
53S,D,II,1,53S.D.II.1,4,9/27/23,3:36,21,Carphephorus bellidifolius,CARBEL,5,3,7,4,3,1,,,,,,
53S,D,II,1,53S.D.II.1,4,9/27/23,3:36,21,Liatris spp.,LIASPP,6,2,5,3,4,6,2,,,,,
53S,D,II,1,53S.D.II.1,4,9/27/23,3:36,21,Pityopsis graminifolia,PITGRA,1,1,,,,,,,,,,
53S,D,II,1,53S.D.II.1,4,9/27/23,3:36,21,Desmodium spp.,DESSPP,1,11,,,,,,,,,,
53S,D,II,1,53S.D.II.1,4,9/27/23,3:36,21,Sericocarpus tortifolius,SERTOR,2,16,13,,,,,,,,,
53S,D,II,2,53S.D.II.~14m,4,9/27/23,3:40,25,Carphephorus bellidifolius,CARBEL,14,1,20,2,6,4,2,1,2,14,2,
53S,D,II,2,53S.D.II.~14m,4,9/27/23,3:40,25,Solidago spp.,SOLSPP,2,30,47,,,,,,,,,
53S,D,II,2,53S.D.II.~14m,4,9/27/23,3:40,25,Liatris spp.,LIASPP,1,3,,,,,,,,,,
53S,D,II,2,53S.D.II.~14m,4,9/27/23,3:40,25,Sericocarpus tortifolius,SERTOR,1,3,,,,,,,,,,
53S,E,III,3,53S.E.III.3,4,9/27/23,2:31,65,Carphephorus bellidifolius,CARBEL,8,3,11,2,7,2,9,8,9,,,
53S,E,III,3,53S.E.III.3,4,9/27/23,2:31,65,Desmodium spp.,DESSPP,8,2,3,8,3,34,18,4,2,,,
53S,E,III,3,53S.E.III.3,4,9/27/23,2:31,65,Sericocarpus tortifolius,SERTOR,38,8,5,12,9,15,22,8,8,9,21,
53S,E,III,3,53S.E.III.3,4,9/27/23,2:31,65,Chrysopsis gossypina,CHRGOS,11,1,1,2,1,1,2,1,1,1,1,
53S,E,III,3,53S.E.III.3,4,9/27/23,2:31,65,Agalinis spp.,AGASPP,9,4,1,8,1,2,13,1,4,4,,
53S,E,III,3,53S.E.III.3,4,9/27/23,2:31,65,Solidago spp.,SOLSPP,5,72,16,22,32,131,,,,,,
53S,E,III,3,53S.E.III.3,4,9/27/23,2:31,65,Hieracium gronovii,HIEGRO,7,5,4,2,3,2,4,3,,,,
53S,E,III,3,53S.E.III.3,4,9/27/23,2:31,65,Eupatorium spp.,EUPSPP,7,33,5,47,35,146,64,118,,,,
53S,E,III,3,53S.E.III.3,4,9/27/23,2:31,65,Chamaecrista spp.,CHASPP,1,2,,,,,,,,,,
53S,E,III,2,53S.E.III.2RECRUIT,4,9/27/23,2:58,13,Sericocarpus tortifolius,SERTOR,32,7,25,22,6,10,8,34,34,56,57,
53S,E,III,2,53S.E.III.2RECRUIT,4,9/27/23,2:58,13,Hieracium gronovii,HIEGRO,7,3,2,3,5,2,2,7,,,,
53S,E,III,2,53S.E.III.2RECRUIT,4,9/27/23,2:58,13,Desmodium spp.,DESSPP,11,7,11,52,18,11,14,31,15,6,4,
53S,E,III,2,53S.E.III.2RECRUIT,4,9/27/23,2:58,13,Chamaecrista spp.,CHASPP,1,1,,,,,,,,,,
53S,E,III,2,53S.E.III.2RECRUIT,4,9/27/23,2:58,13,Liatris spp.,LIASPP,2,5,2,,,,,,,,,
53S,E,III,2,53S.E.III.2RECRUIT,4,9/27/23,2:58,13,Carphephorus bellidifolius,CARBEL,1,2,,,,,,,,,,
53S,E,III,2,53S.E.III.2RECRUIT,4,9/27/23,2:58,13,Solidago spp.,SOLSPP,8,88,104,24,9,44,101,56,54,,,
53S,E,III,2,53S.E.III.2RECRUIT,4,9/27/23,2:58,13,Agalinis spp.,AGASPP,1,25,,,,,,,,,,
53S,E,III,2,53S.E.III.2RECRUIT,4,9/27/23,2:58,13,Chrysopsis gossypina,CHRGOS,11,1,2,1,1,2,1,1,1,1,1,
53S,E,III,2,53S.E.III.2RECRUIT,4,9/27/23,2:58,13,Pityopsis graminifolia,PITGRA,1,1,,,,,,,,,,
53N,E,II,1,53N.E.II.1,4,9/27/23,10:11,2,Croptilon divaricatum,CRODIV,39,1,1,1,2,1,2,1,1,1,2,
53N,E,II,1,53N.E.II.1,4,9/27/23,10:11,2,Desmodium spp.,DESSPP,4,9,11,29,9,,,,,,,
53N,E,II,1,53N.E.II.1,4,9/27/23,10:11,2,Liatris spp.,LIASPP,4,27,6,22,8,,,,,,,
53N,E,II,1,53N.E.II.1,4,9/27/23,10:11,2,Solidago spp.,SOLSPP,6,64,157,128,11,16,105,,,,,
53N,E,II,1,53N.E.II.1,4,9/27/23,10:11,2,Hypericum gentianoides,HYPGEN,2,13,6,,,,,,,,,
53N,E,II,1,53N.E.II.1,4,9/27/23,10:11,2,Pityopsis graminifolia,PITGRA,1,1,,,,,,,,,,
53N,B,III,0,53N.B.III.0,4,9/27/23,10:27,2,Liatris spp.,LIASPP,5,5,2,9,3,8,,,,,,
53N,B,III,0,53N.B.III.0,4,9/27/23,10:27,2,Solidago spp.,SOLSPP,3,45,74,64,,,,,,,,
53N,B,III,0,53N.B.III.0,4,9/27/23,10:27,2,Pityopsis graminifolia,PITGRA,10,1,1,1,1,1,1,1,2,1,1,
53N,B,III,0,53N.B.III.0,4,9/27/23,10:27,2,Chrysopsis gossypina,CHRGOS,19,1,1,1,1,2,2,1,1,2,1,
53N,B,III,0,53N.B.III.0,4,9/27/23,10:27,2,Chamaecrista spp.,CHASPP,3,7,5,5,,,,,,,,
53N,B,III,0,53N.B.III.0,4,9/27/23,10:27,2,Desmodium spp.,DESSPP,1,22,,,,,,,,,,
53N,B,III,0,53N.B.III.0,4,9/27/23,10:27,2,Hypericum hypericoides,HYPHYP,1,2,,,,,,,,,,
53N,D,II,1,53N.D.II.1,4,9/28/23,9:10,1,Croptilon divaricatum,CRODIV,215,3,4,3,1,1,1,6,5,5,5,
53N,D,II,1,53N.D.II.1,4,9/28/23,9:10,1,Sericocarpus tortifolius,SERTOR,2,8,10,,,,,,,,,
53N,D,II,1,53N.D.II.1,4,9/28/23,9:10,1,Solidago spp.,SOLSPP,23,23,83,111,208,166,9,85,119,185,127,
53N,D,II,1,53N.D.II.1,4,9/28/23,9:10,1,Eupatorium spp.,EUPSPP,21,136,10,83,126,13,47,69,5,24,84,
53N,D,II,1,53N.D.II.1,4,9/28/23,9:10,1,Agalinis spp.,AGASPP,1,35,,,,,,,,,,
53N,D,II,1,53N.D.II.1,4,9/28/23,9:10,1,Desmodium spp.,DESSPP,1,25,,,,,,,,,,
53N,D,II,1,53N.D.II.1,4,9/28/23,9:10,1,Centrosema virginianum,CENVIR,1,1,,,,,,,,,,
53N,E,III,1,53N.E.III.1,4,9/28/23,9:53,5,Solidago spp.,SOLSPP,24,107,46,32,21,82,18,73,63,26,75,
53N,E,III,1,53N.E.III.1,4,9/28/23,9:53,5,Desmodium spp.,DESSPP,2,25,12,,,,,,,,,
53N,E,III,1,53N.E.III.1,4,9/28/23,9:53,5,Liatris spp.,LIASPP,10,10,22,16,12,11,8,5,3,7,4,
53N,E,III,1,53N.E.III.1,4,9/28/23,9:53,5,Eupatorium spp.,EUPSPP,2,119,67,,,,,,,,,
53N,C,II,3,53N.C.II.3,4,9/28/23,8:30,7,Carphephorus bellidifolius,CARBEL,2,2,8,,,,,,,,,
53N,C,II,3,53N.C.II.3,4,9/28/23,8:30,7,Sericocarpus tortifolius,SERTOR,45,8,4,2,8,12,5,8,16,14,9,
53N,C,II,3,53N.C.II.3,4,9/28/23,8:30,7,Solidago spp.,SOLSPP,1,7,,,,,,,,,,
53N,C,II,3,53N.C.II.3,4,9/28/23,8:30,7,Liatris spp.,LIASPP,4,1,1,2,4,,,,,,,
53N,C,II,3,53N.C.II.3,4,9/28/23,8:30,7,Pityopsis graminifolia,PITGRA,3,3,2,1,,,,,,,,
53N,C,II,3,53N.C.II.3,4,9/28/23,8:30,7,Eupatorium spp.,EUPSPP,1,85,,,,,,,,,,
53N,D,III,2,53N.D.III.2,4,9/28/23,8:45,29,Carphephorus bellidifolius,CARBEL,6,2,9,3,7,2,13,,,,,
53N,D,III,2,53N.D.III.2,4,9/28/23,8:45,29,Erigeron canadensis,ERICAN,2,32,14,,,,,,,,,
53N,D,III,2,53N.D.III.2,4,9/28/23,8:45,29,Solidago spp.,SOLSPP,17,51,11,78,263,88,81,53,120,99,37,
53N,D,III,2,53N.D.III.2,4,9/28/23,8:45,29,Diodia teres,DIOTER,4,11,3,7,5,,,,,,,
53N,D,III,2,53N.D.III.2,4,9/28/23,8:45,29,Croptilon divaricatum,CRODIV,27,1,2,1,2,2,3,1,2,1,1,
53N,D,III,2,53N.D.III.2,4,9/28/23,8:45,29,Desmodium spp.,DESSPP,5,16,20,9,13,9,,,,,,
53N,D,III,2,53N.D.III.2,4,9/28/23,8:45,29,Eupatorium spp.,EUPSPP,2,58,63,,,,,,,,,
53N,C,III,2,53N.C.III.2,4,9/28/23,8:09,9,Sericocarpus tortifolius,SERTOR,72,19,2,4,4,12,7,15,7,21,8,
53N,C,III,2,53N.C.III.2,4,9/28/23,8:09,9,Eupatorium spp.,EUPSPP,5,116,22,28,31,52,,,,,,
53N,C,III,2,53N.C.III.2,4,9/28/23,8:09,9,Liatris spp.,LIASPP,20,3,4,6,3,5,1,5,4,3,2,
53N,C,III,2,53N.C.III.2,4,9/28/23,8:09,9,Pityopsis graminifolia,PITGRA,3,1,1,1,,,,,,,,
53N,C,III,2,53N.C.III.2,4,9/28/23,8:09,9,Desmodium spp.,DESSPP,2,11,12,,,,,,,,,
53N,C,III,2,53N.C.III.2,4,9/28/23,8:09,9,Carphephorus bellidifolius,CARBEL,1,4,,,,,,,,,,
8,D,I,2,8.D.I.2,4,9/29/23,11:10,6,Pityopsis graminifolia,PITGRA,67,2,3,1,1,1,3,1,1,1,1,
8,D,I,2,8.D.I.2,4,9/29/23,11:10,6,Carphephorus bellidifolius,CARBEL,1,2,,,,,,,,,,
8,D,I,2,8.D.I.2,4,9/29/23,11:10,6,Solidago spp.,SOLSPP,10,70,90,43,166,37,23,84,40,33,27,
8,D,I,2,8.D.I.2,4,9/29/23,11:10,6,Hypericum gentianoides,HYPGEN,1,6,,,,,,,,,,
8,D,II,1,8.D.II.1,4,9/29/23,10:18,19,Liatris spp.,LIASPP,2,7,11,,,,,,,,,
8,D,II,1,8.D.II.1,4,9/29/23,10:18,19,Solidago spp.,SOLSPP,116,53,316,60,22,43,46,42,158,77,60,
8,D,II,1,8.D.II.1,4,9/29/23,10:18,19,Pityopsis graminifolia,PITGRA,20,1,1,2,1,1,2,1,1,3,4,
8,D,II,1,8.D.II.1,4,9/29/23,10:18,19,Croptilon divaricatum,CRODIV,10,5,3,11,5,1,7,2,12,4,7,
8,D,I,1,8.D.I.1,4,9/29/23,10:52,8,Carphephorus bellidifolius,CARBEL,11,6,2,5,3,2,1,3,2,17,4,
8,D,I,1,8.D.I.1,4,9/29/23,10:52,8,Pityopsis graminifolia,PITGRA,78,3,1,2,1,2,1,1,1,2,1,
8,D,I,1,8.D.I.1,4,9/29/23,10:52,8,Croptilon divaricatum,CRODIV,5,7,1,2,5,9,,,,,,
8,D,I,1,8.D.I.1,4,9/29/23,10:52,8,Hieracium gronovii,HIEGRO,1,3,,,,,,,,,,
8,D,I,1,8.D.I.1,4,9/29/23,10:52,8,Solidago spp.,SOLSPP,44,31,82,76,42,107,56,186,101,23,28,
8,C,II,3,8.C.II.3,4,9/29/23,9:12,2,Solidago spp.,SOLSPP,22,272,19,186,51,8,40,126,13,35,10,
8,C,II,3,8.C.II.3,4,9/29/23,9:12,2,Eupatorium spp.,EUPSPP,4,50,42,88,29,,,,,,,
8,C,II,3,8.C.II.3,4,9/29/23,9:12,2,Pityopsis graminifolia,PITGRA,15,2,1,1,4,1,1,2,1,1,2,
8,C,II,3,8.C.II.3,4,9/29/23,9:12,2,Lespedeza spp.,LESSPP,1,3,,,,,,,,,,
8,C,II,3,8.C.II.3,4,9/29/23,9:12,2,Chamaecrista spp.,CHASPP,1,4,,,,,,,,,,
8,D,IV,3,8.D.IV.3,4,9/29/23,9:54,12,Carphephorus bellidifolius,CARBEL,4,5,3,3,3,,,,,,,
8,D,IV,3,8.D.IV.3,4,9/29/23,9:54,12,Pityopsis graminifolia,PITGRA,27,1,1,3,2,2,1,1,1,1,2,
8,D,IV,3,8.D.IV.3,4,9/29/23,9:54,12,Solidago spp.,SOLSPP,50,80,90,64,135,76,60,19,166,65,29,
8,C,III,3,8.C.III.3,4,9/29/23,8:40,7,Solidago spp.,SOLSPP,35,112,133,15,63,127,30,51,90,115,420,
8,C,III,3,8.C.III.3,4,9/29/23,8:40,7,Pityopsis graminifolia,PITGRA,42,2,2,2,1,1,8,1,1,1,3,
8,C,III,3,8.C.III.3,4,9/29/23,8:40,7,Desmodium spp.,DESSPP,1,41,,,,,,,,,,
8,C,III,3,8.C.III.3,4,9/29/23,8:40,7,Sericocarpus tortifolius,SERTOR,1,6,,,,,,,,,,
8,C,III,3,8.C.III.3,4,9/29/23,8:40,7,Eupatorium spp.,EUPSPP,3,37,22,21,,,,,,,,
8,C,III,3,8.C.III.3,4,9/29/23,8:40,7,Carphephorus bellidifolius,CARBEL,1,2,,,,,,,,,,
8,C,III,1,8.C.III.1,4,9/29/23,8:57,5,Carphephorus bellidifolius,CARBEL,4,1,1,2,2,,,,,,,no pollinator survey
8,C,III,1,8.C.III.1,4,9/29/23,8:57,5,Chamaecrista spp.,CHASPP,7,2,2,2,1,3,3,4,,,,no pollinator survey
8,C,III,1,8.C.III.1,4,9/29/23,8:57,5,Pityopsis graminifolia,PITGRA,28,1,1,1,1,1,1,1,1,1,1,no pollinator survey
8,C,III,1,8.C.III.1,4,9/29/23,8:57,5,Solidago spp.,SOLSPP,1,173,,,,,,,,,,no pollinator survey
8,C,III,1,8.C.III.1,4,9/29/23,8:57,5,Centrosema virginianum,CENVIR,1,1,,,,,,,,,,no pollinator survey
8,C,IV,1,8.C.IV.1,4,9/29/23,8:11,2,Carphephorus bellidifolius,CARBEL,2,2,2,,,,,,,,,
8,C,IV,1,8.C.IV.1,4,9/29/23,8:11,2,Solidago spp.,SOLSPP,7,112,53,56,36,49,58,102,,,,
8,C,IV,1,8.C.IV.1,4,9/29/23,8:11,2,Pityopsis graminifolia,PITGRA,25,1,1,1,1,1,1,5,1,1,2,
8,C,IV,1,8.C.IV.1,4,9/29/23,8:11,2,Eupatorium spp.,EUPSPP,2,6,47,,,,,,,,,
8,C,IV,1,8.C.IV.1,4,9/29/23,8:11,2,Desmodium spp.,DESSPP,6,31,5,18,17,14,99,,,,,
8,C,IV,1,8.C.IV.1,4,9/29/23,8:11,2,Chamaecrista spp.,CHASPP,1,6,,,,,,,,,,
8,C,IV,1,8.C.IV.1,4,9/29/23,8:11,2,Centrosema virginianum,CENVIR,1,2,,,,,,,,,,
8,C,IV,3,8.C.IV.3,4,9/29/23,8:23,11,Agalinis spp.,AGASPP,8,5,22,3,23,4,5,5,4,,,
8,C,IV,3,8.C.IV.3,4,9/29/23,8:23,11,Liatris spp.,LIASPP,1,4,,,,,,,,,,
8,C,IV,3,8.C.IV.3,4,9/29/23,8:23,11,Carphephorus bellidifolius,CARBEL,1,16,,,,,,,,,,
8,C,IV,3,8.C.IV.3,4,9/29/23,8:23,11,Solidago spp.,SOLSPP,201,149,93,156,129,91,50,27,131,127,73,
8,C,IV,3,8.C.IV.3,4,9/29/23,8:23,11,Pityopsis graminifolia,PITGRA,1,2,,,,,,,,,,
8,C,IV,3,8.C.IV.3,4,9/29/23,8:23,11,Desmodium spp.,DESSPP,2,11,34,,,,,,,,,
8,B,I,3,8.B.I.3,4,9/25/23,3:01,3,Desmodium spp.,DESSPP,3,4,3,2,,,,,,,,
8,B,I,3,8.B.I.3,4,9/25/23,3:01,3,Croptilon divaricatum,CRODIV,29,3,4,2,3,1,2,1,1,2,1,
8,B,I,3,8.B.I.3,4,9/25/23,3:01,3,Stylosanthes biflora,STYBIF,1,1,,,,,,,,,,
8,B,I,3,8.B.I.3,4,9/25/23,3:01,3,Solidago spp.,SOLSPP,45,18,39,8,69,126,56,19,42,6,10,
8,B,I,3,8.B.I.3,4,9/25/23,3:01,3,Lespedeza spp.,LESSPP,2,5,4,,,,,,,,,
8,B,II,0,8.B.II.0,4,9/25/23,2:44,11,Carphephorus bellidifolius,CARBEL,2,3,1,,,,,,,,,
8,B,II,0,8.B.II.0,4,9/25/23,2:44,11,Solidago spp.,SOLSPP,9,17,13,7,10,27,7,4,10,14,,
8,B,II,0,8.B.II.0,4,9/25/23,2:44,11,Eupatorium spp.,EUPSPP,1,60,,,,,,,,,,
8,B,II,1,8.B.II.1,4,9/25/23,2:51,16,Solidago spp.,SOLSPP,33,54,56,16,71,21,71,16,37,7,13,
8,B,II,1,8.B.II.1,4,9/25/23,2:51,16,Carphephorus bellidifolius,CARBEL,1,17,,,,,,,,,,
8,B,II,1,8.B.II.1,4,9/25/23,2:51,16,Pityopsis graminifolia,PITGRA,1,2,,,,,,,,,,
8,B,II,1,8.B.II.1,4,9/25/23,2:51,16,Stylosanthes biflora,STYBIF,1,1,,,,,,,,,,
8,B,IV,0,8.B.IV.0,4,9/25/23,2:29,16,Hieracium gronovii,HIEGRO,1,1,,,,,,,,,,
8,B,IV,0,8.B.IV.0,4,9/25/23,2:29,16,Desmodium spp.,DESSPP,1,7,,,,,,,,,,
8,B,IV,2,8.B.IV.1-2,4,9/25/23,2:32,21,Solidago spp.,SOLSPP,1,47,,,,,,,,,,
8,B,IV,2,8.B.IV.1-2,4,9/25/23,2:32,21,Diodia teres,DIOTER,1,1,,,,,,,,,,
8,B,IV,2,8.B.IV.1-2,4,9/25/23,2:32,21,Erigeron canadensis,ERICAN,38,11,11,4,8,26,1,3,4,2,2,
8,B,IV,2,8.B.IV.1-2,4,9/25/23,2:32,21,Eupatorium spp.,EUPSPP,3,38,48,46,,,,,,,,
8,E,III,1,8.E.III.1,4,9/28/23,4:03,2,Carphephorus bellidifolius,CARBEL,1,2,,,,,,,,,,
8,E,III,1,8.E.III.1,4,9/28/23,4:03,2,Solidago spp.,SOLSPP,30,117,63,40,261,49,40,12,37,14,18,
8,E,III,1,8.E.III.1,4,9/28/23,4:03,2,Pityopsis graminifolia,PITGRA,10,1,1,1,1,4,1,2,3,1,1,
8,E,III,1,8.E.III.1,4,9/28/23,4:03,2,Croptilon divaricatum,CRODIV,4,1,1,1,1,,,,,,,
8,E,III,1,8.E.III.1,4,9/28/23,4:03,2,Agalinis spp.,AGASPP,1,1,,,,,,,,,,
8,E,III,1,8.E.III.1,4,9/28/23,4:03,2,Liatris spp.,LIASPP,8,3,3,7,5,2,5,5,3,,,
8,E,III,1,8.E.III.1,4,9/28/23,4:03,2,Hieracium gronovii,HIEGRO,1,1,,,,,,,,,,
8,E,III,1,8.E.III.1,4,9/28/23,4:03,2,Eupatorium spp.,EUPSPP,2,46,56,,,,,,,,,
8,E,III,1,8.E.III.1,4,9/28/23,4:03,2,Desmodium spp.,DESSPP,5,8,30,21,3,3,,,,,,
8,E,IV,0,8.E.IV.0,4,9/28/23,4:30,11,Carphephorus bellidifolius,CARBEL,6,6,1,2,3,6,5,,,,,
8,E,IV,0,8.E.IV.0,4,9/28/23,4:30,11,Desmodium spp.,DESSPP,1,6,,,,,,,,,,
8,E,IV,0,8.E.IV.0,4,9/28/23,4:30,11,Pityopsis graminifolia,PITGRA,10,1,1,1,2,1,1,1,1,1,2,
8,E,IV,0,8.E.IV.0,4,9/28/23,4:30,11,Chamaecrista spp.,CHASPP,1,2,,,,,,,,,,
8,E,IV,0,8.E.IV.0,4,9/28/23,4:30,11,Solidago spp.,SOLSPP,4,59,185,38,32,,,,,,,
52,C,IV,3,52.C.IV.3,4,9/26/23,9:24,7,Pityopsis graminifolia,PITGRA,57,2,1,1,1,1,1,1,1,3,1,
52,C,IV,3,52.C.IV.3,4,9/26/23,9:24,7,Chrysopsis gossypina,CHRGOS,20,1,1,1,1,1,1,1,1,1,1,
52,C,IV,3,52.C.IV.3,4,9/26/23,9:24,7,Sericocarpus tortifolius,SERTOR,19,17,5,11,6,20,31,5,8,19,21,
52,C,IV,3,52.C.IV.3,4,9/26/23,9:24,7,Carphephorus bellidifolius,CARBEL,1,5,,,,,,,,,,
52,C,IV,3,52.C.IV.3,4,9/26/23,9:24,7,Desmodium spp.,DESSPP,1,18,,,,,,,,,,
52,C,IV,3,52.C.IV.3,4,9/26/23,9:24,7,Solidago spp.,SOLSPP,17,23,4,15,24,15,89,67,14,32,36,
52,B,IV,2,52.B.IV.2,4,9/30/23,1:04,4,Carphephorus bellidifolius,CARBEL,2,1,1,,,,,,,,,
52,B,IV,2,52.B.IV.2,4,9/30/23,1:04,4,Sericocarpus tortifolius,SERTOR,67,26,47,48,31,21,17,30,39,23,22,
52,B,IV,2,52.B.IV.2,4,9/30/23,1:04,4,Liatris spp.,LIASPP,49,2,9,13,3,11,19,4,10,5,4,
52,B,IV,2,52.B.IV.2,4,9/30/23,1:04,4,Desmodium spp.,DESSPP,1,13,,,,,,,,,,
52,E,I,0,52.E.I.0,4,9/27/23,1:18,3,Pityopsis graminifolia,PITGRA,80,3,1,3,1,1,1,9,2,5,5,
52,E,I,0,52.E.I.0,4,9/27/23,1:18,3,Liatris spp.,LIASPP,1,7,,,,,,,,,,
52,E,I,0,52.E.I.0,4,9/27/23,1:18,3,Sericocarpus tortifolius,SERTOR,1,35,,,,,,,,,,
52,E,I,0,52.E.I.0,4,9/27/23,1:18,3,Chrysopsis gossypina,CHRGOS,6,1,1,1,1,1,1,,,,,
52,E,I,0,52.E.I.0,4,9/27/23,1:18,3,Solidago spp.,SOLSPP,3,70,75,97,,,,,,,,
52,E,I,0,52.E.I.0,4,9/27/23,1:18,3,Hypericum gentianoides,HYPGEN,1,4,,,,,,,,,,
52,E,II,3,52.E.II.3RECRUIT,4,9/27/23,1:28,24,Liatris spp.,LIASPP,29,21,12,10,19,13,5,54,9,2,55,
52,E,II,3,52.E.II.3RECRUIT,4,9/27/23,1:28,24,Hypericum gentianoides,HYPGEN,32,6,1,2,2,2,2,3,6,6,7,
52,E,II,3,52.E.II.3RECRUIT,4,9/27/23,1:28,24,Sericocarpus tortifolius,SERTOR,23,34,19,22,18,5,6,29,6,36,37,
52,E,II,3,52.E.II.3RECRUIT,4,9/27/23,1:28,24,Solidago spp.,SOLSPP,7,78,74,199,111,22,39,126,,,,
52,E,II,3,52.E.II.3RECRUIT,4,9/27/23,1:28,24,Pityopsis graminifolia,PITGRA,2,2,1,,,,,,,,,
52,E,III,2,52.E.III.2,4,9/27/23,12:17,13,Stylosanthes biflora,STYBIF,4,1,4,2,1,,,,,,,
52,E,III,2,52.E.III.2,4,9/27/23,12:17,13,Hypericum gentianoides,HYPGEN,48,9,2,1,3,5,9,3,4,5,9,
52,E,III,2,52.E.III.2,4,9/27/23,12:17,13,Solidago spp.,SOLSPP,38,66,96,31,98,98,100,57,138,50,84,
52,E,III,2,52.E.III.2,4,9/27/23,12:17,13,Hieracium gronovii,HIEGRO,2,15,1,,,,,,,,,
52,E,III,2,52.E.III.2,4,9/27/23,12:17,13,Desmodium spp.,DESSPP,2,11,9,,,,,,,,,
52,E,III,2,52.E.III.2,4,9/27/23,12:17,13,Eupatorium spp.,EUPSPP,4,120,117,11,87,,,,,,,
52,E,III,3,52.E.III.3,4,9/27/23,12:37,1,Pityopsis graminifolia,PITGRA,16,1,1,2,1,1,1,2,2,2,1,
52,E,III,3,52.E.III.3,4,9/27/23,12:37,1,Hypericum gentianoides,HYPGEN,60,9,1,7,2,4,5,7,5,3,5,
52,E,III,3,52.E.III.3,4,9/27/23,12:37,1,Solidago spp.,SOLSPP,65,294,45,54,82,228,47,123,59,111,60,
52,E,III,3,52.E.III.3,4,9/27/23,12:37,1,Eupatorium spp.,EUPSPP,6,57,22,10,37,56,34,,,,,
52,E,III,3,52.E.III.3,4,9/27/23,12:37,1,Sericocarpus tortifolius,SERTOR,12,8,24,17,11,26,5,27,10,11,9,
52,E,III,3,52.E.III.3,4,9/27/23,12:37,1,Liatris spp.,LIASPP,11,61,59,35,50,59,71,9,9,42,67,
52,E,III,3,52.E.III.3,4,9/27/23,12:37,1,Carphephorus bellidifolius,CARBEL,1,2,,,,,,,,,,
52,C,II,0,52.C.II.0,4,9/27/23,10:30,2,Sericocarpus tortifolius,SERTOR,4,40,5,9,29,,,,,,,
52,C,II,0,52.C.II.0,4,9/27/23,10:30,2,Desmodium spp.,DESSPP,5,10,17,7,5,9,,,,,,
52,C,II,0,52.C.II.0,4,9/27/23,10:30,2,Liatris spp.,LIASPP,3,12,14,2,,,,,,,,
52,C,II,0,52.C.II.0,4,9/27/23,10:30,2,Solidago spp.,SOLSPP,5,354,105,10,103,127,,,,,,
52,C,II,0,52.C.II.0,4,9/27/23,10:30,2,Pityopsis graminifolia,PITGRA,5,3,2,1,3,1,,,,,,
52,D,III,3,52.D.III.3,4,9/27/23,11:30,1,Solidago spp.,SOLSPP,86,251,188,28,125,38,230,89,20,102,59,
52,D,III,3,52.D.III.3,4,9/27/23,11:30,1,Sericocarpus tortifolius,SERTOR,14,15,35,15,13,8,58,63,78,17,67,
52,D,III,3,52.D.III.3,4,9/27/23,11:30,1,Eupatorium spp.,EUPSPP,2,36,232,,,,,,,,,
52,D,III,3,52.D.III.3,4,9/27/23,11:30,1,Liatris spp.,LIASPP,1,4,,,,,,,,,,
52,D,III,3,52.D.III.3,4,9/27/23,11:30,1,Desmodium spp.,DESSPP,5,9,3,4,13,18,,,,,,
52,D,III,3,52.D.III.3,4,9/27/23,11:30,1,Hieracium gronovii,HIEGRO,2,2,6,,,,,,,,,
52,D,III,3,52.D.III.3,4,9/27/23,11:30,1,Hypericum gentianoides,HYPGEN,3,13,3,7,,,,,,,,
52,D,III,3,52.D.III.3,4,9/27/23,11:30,1,Pityopsis graminifolia,PITGRA,2,1,2,,,,,,,,,
52,D,III,3,52.D.III.3,4,9/27/23,11:30,1,Carphephorus bellidifolius,CARBEL,1,8,,,,,,,,,,
52,C,II,2,52.C.II.2,4,9/27/23,9:42,5,Chrysopsis gossypina,CHRGOS,23,1,1,1,2,2,1,1,1,3,1,
52,C,II,2,52.C.II.2,4,9/27/23,9:42,5,Liatris spp.,LIASPP,77,3,3,7,4,5,4,2,6,6,10,
52,C,II,2,52.C.II.2,4,9/27/23,9:42,5,Pityopsis graminifolia,PITGRA,39,1,1,2,5,1,3,1,5,3,2,
52,C,II,2,52.C.II.2,4,9/27/23,9:42,5,Sericocarpus tortifolius,SERTOR,12,4,15,14,5,3,13,24,3,9,16,
52,C,II,2,52.C.II.2,4,9/27/23,9:42,5,Eupatorium spp.,EUPSPP,17,99,15,360,7,71,47,53,23,33,79,
52,C,II,2,52.C.II.2,4,9/27/23,9:42,5,Solidago spp.,SOLSPP,6,49,24,10,8,18,55,,,,,
52,C,II,1,52.C.II.1,4,9/27/23,10:07,5,Pityopsis graminifolia,PITGRA,21,1,4,2,3,1,1,4,1,1,1,
52,C,II,1,52.C.II.1,4,9/27/23,10:07,5,Liatris spp.,LIASPP,11,6,15,2,7,3,8,11,15,6,5,
52,C,II,1,52.C.II.1,4,9/27/23,10:07,5,Sericocarpus tortifolius,SERTOR,1,139,,,,,,,,,,
52,C,II,1,52.C.II.1,4,9/27/23,10:07,5,Chrysopsis gossypina,CHRGOS,13,3,1,1,1,1,1,1,1,1,1,
52,C,II,1,52.C.II.1,4,9/27/23,10:07,5,Eupatorium spp.,EUPSPP,10,78,280,64,43,18,73,65,36,54,34,
52,C,II,1,52.C.II.1,4,9/27/23,10:07,5,Chamaecrista spp.,CHASPP,4,3,6,1,2,,,,,,,
52,B,I,2,52.B.I.1-2,4,9/27/23,8:44,1,Sericocarpus tortifolius,SERTOR,56,64,14,40,44,44,10,8,26,27,41,
52,B,I,2,52.B.I.1-2,4,9/27/23,8:44,1,Solidago spp.,SOLSPP,39,89,50,30,64,45,104,36,199,50,44,
52,B,I,2,52.B.I.1-2,4,9/27/23,8:44,1,Pityopsis graminifolia,PITGRA,2,1,2,,,,,,,,,
52,B,I,1,52.B.I.1,4,9/27/23,9:05,2,Pityopsis graminifolia,PITGRA,27,2,1,1,1,1,4,1,1,1,3,
52,B,I,1,52.B.I.1,4,9/27/23,9:05,2,Sericocarpus tortifolius,SERTOR,6,51,18,24,15,20,51,,,,,
52,B,I,1,52.B.I.1,4,9/27/23,9:05,2,Liatris spp.,LIASPP,2,1,2,,,,,,,,,
52,B,I,1,52.B.I.1,4,9/27/23,9:05,2,Desmodium spp.,DESSPP,5,7,19,20,22,13,,,,,,
52,B,I,1,52.B.I.1,4,9/27/23,9:05,2,Solidago spp.,SOLSPP,2,96,75,,,,,,,,,
52,B,I,1,52.B.I.1,4,9/27/23,9:05,2,Erigeron canadensis,ERICAN,1,25,,,,,,,,,,
52,C,I,3,52.C.I.3,4,9/27/23,8:27,4,Liatris spp.,LIASPP,18,14,12,10,9,8,5,21,13,11,10,
52,C,I,3,52.C.I.3,4,9/27/23,8:27,4,Solidago spp.,SOLSPP,49,37,42,19,11,14,32,14,34,13,35,
52,C,I,3,52.C.I.3,4,9/27/23,8:27,4,Pityopsis graminifolia,PITGRA,11,3,2,1,2,2,1,1,4,5,1,
52,C,I,3,52.C.I.3,4,9/27/23,8:27,4,Sericocarpus tortifolius,SERTOR,20,17,22,26,41,8,5,47,21,9,16,
52,C,I,3,52.C.I.3,4,9/27/23,8:27,4,Chrysopsis gossypina,CHRGOS,18,1,1,1,1,1,1,1,1,1,1,
52,C,I,3,52.C.I.3,4,9/27/23,8:27,4,Eupatorium spp.,EUPSPP,1,64,,,,,,,,,,
52,C,I,3,52.C.I.3,4,9/27/23,8:27,4,Chamaecrista spp.,CHASPP,1,1,,,,,,,,,,
52,C,III,3,52.C.III.3,4,9/27/23,8:44,9,Pityopsis graminifolia,PITGRA,23,1,1,1,1,4,6,1,3,1,4,
52,C,III,3,52.C.III.3,4,9/27/23,8:44,9,Carphephorus bellidifolius,CARBEL,1,2,,,,,,,,,,
52,C,III,3,52.C.III.3,4,9/27/23,8:44,9,Solidago spp.,SOLSPP,72,12,13,123,111,85,63,97,14,75,37,
52,C,III,3,52.C.III.3,4,9/27/23,8:44,9,Liatris spp.,LIASPP,5,7,10,2,17,24,,,,,,
52,C,III,3,52.C.III.3,4,9/27/23,8:44,9,Desmodium spp.,DESSPP,9,38,31,85,26,53,77,5,12,68,,
52,C,III,3,52.C.III.3,4,9/27/23,8:44,9,Centrosema virginianum,CENVIR,1,1,,,,,,,,,,
52,C,III,3,52.C.III.3,4,9/27/23,8:44,9,Chrysopsis gossypina,CHRGOS,19,1,1,1,1,1,1,1,1,1,4,
52,C,III,3,52.C.III.3,4,9/27/23,8:44,9,Sericocarpus tortifolius,SERTOR,1,15,,,,,,,,,,
52,C,III,3,52.C.III.3,4,9/27/23,8:44,9,Eupatorium spp.,EUPSPP,28,140,209,205,114,113,116,25,402,104,42,
52,C,I,0,52.C.I.0,4,9/26/23,8:17,2,Pityopsis graminifolia,PITGRA,22,1,1,2,1,1,1,1,1,1,2,no pollinator survey
52,C,I,0,52.C.I.0,4,9/26/23,8:17,2,Chrysopsis gossypina,CHRGOS,3,1,1,1,,,,,,,,no pollinator survey
52,C,I,0,52.C.I.0,4,9/26/23,8:17,2,Solidago spp.,SOLSPP,1,86,,,,,,,,,,no pollinator survey
52,C,I,1,52.C.I.1,4,9/26/23,8:22,4,Carphephorus bellidifolius,CARBEL,5,2,5,8,6,3,,,,,,
52,C,I,1,52.C.I.1,4,9/26/23,8:22,4,Pityopsis graminifolia,PITGRA,34,4,2,2,2,2,1,2,4,1,1,
52,C,I,1,52.C.I.1,4,9/26/23,8:22,4,Chrysopsis gossypina,CHRGOS,1,1,,,,,,,,,,
54S,D,III,0,54S.D.III.0,4,10/1/23,9:17,2,Solidago spp.,SOLSPP,41,128,207,393,222,37,26,54,55,152,144,
54S,D,III,0,54S.D.III.0,4,10/1/23,9:17,2,Liatris spp.,LIASPP,29,2,7,3,9,1,8,44,57,6,9,
54S,D,III,0,54S.D.III.0,4,10/1/23,9:17,2,Pityopsis graminifolia,PITGRA,14,2,3,1,2,1,2,2,1,1,2,
54S,D,III,0,54S.D.III.0,4,10/1/23,9:17,2,Desmodium spp.,DESSPP,4,32,3,23,16,,,,,,,
54S,D,III,0,54S.D.III.0,4,10/1/23,9:17,2,Eupatorium spp.,EUPSPP,1,195,,,,,,,,,,
54S,D,III,0,54S.D.III.0,4,10/1/23,9:17,2,Chrysopsis gossypina,CHRGOS,1,5,,,,,,,,,,
54S,D,II,2,54S.D.II.2,4,10/1/23,9:44,10,Chrysopsis gossypina,CHRGOS,130,1,3,1,1,1,1,2,1,1,2,
54S,D,II,2,54S.D.II.2,4,10/1/23,9:44,10,Pityopsis graminifolia,PITGRA,97,2,2,4,2,1,3,2,1,3,2,
54S,D,II,2,54S.D.II.2,4,10/1/23,9:44,10,Solidago spp.,SOLSPP,43,135,98,29,85,107,101,227,145,318,191,
54S,D,II,2,54S.D.II.2,4,10/1/23,9:44,10,Liatris spp.,LIASPP,82,15,2,28,35,3,9,7,33,39,9,
54S,C,I,0,54S.C.I.0,4,10/1/23,8:53,9,Carphephorus bellidifolius,CARBEL,5,7,5,4,2,18,,,,,,
54S,C,I,0,54S.C.I.0,4,10/1/23,8:53,9,Pityopsis graminifolia,PITGRA,41,1,4,3,1,1,3,3,1,1,2,
54S,C,I,0,54S.C.I.0,4,10/1/23,8:53,9,Solidago spp.,SOLSPP,2,34,172,,,,,,,,,
54S,C,I,0,54S.C.I.0,4,10/1/23,8:53,9,Liatris spp.,LIASPP,21,5,2,3,2,14,3,10,11,25,5,
54S,C,I,0,54S.C.I.0,4,10/1/23,8:53,9,Chrysopsis gossypina,CHRGOS,20,1,3,1,2,2,1,1,2,1,1,
54S,C,I,0,54S.C.I.0,4,10/1/23,8:53,9,Desmodium spp.,DESSPP,1,7,,,,,,,,,,
54S,C,I,3,54S.C.I.3,4,10/1/23,9:02,51,Carphephorus bellidifolius,CARBEL,1,3,,,,,,,,,,
54S,C,I,3,54S.C.I.3,4,10/1/23,9:02,51,Chrysopsis gossypina,CHRGOS,46,1,1,1,1,1,3,1,1,1,1,
54S,C,I,3,54S.C.I.3,4,10/1/23,9:02,51,Desmodium spp.,DESSPP,1,14,,,,,,,,,,
54S,C,I,3,54S.C.I.3,4,10/1/23,9:02,51,Pityopsis graminifolia,PITGRA,21,1,2,2,4,1,2,2,3,1,2,
54S,C,I,3,54S.C.I.3,4,10/1/23,9:02,51,Solidago spp.,SOLSPP,2,12,205,,,,,,,,,
54S,C,IV,2,54S.C.IV.2,4,10/1/23,8:37,21,Liatris spp.,LIASPP,1,12,,,,,,,,,,
54S,C,IV,2,54S.C.IV.2,4,10/1/23,8:37,21,Croptilon divaricatum,CRODIV,4,2,3,4,10,,,,,,,
54S,C,IV,2,54S.C.IV.2,4,10/1/23,8:37,21,Pityopsis graminifolia,PITGRA,37,1,1,1,2,2,1,1,1,2,3,
54S,C,IV,2,54S.C.IV.2,4,10/1/23,8:37,21,Desmodium spp.,DESSPP,4,8,7,30,24,,,,,,,
54S,C,IV,2,54S.C.IV.2,4,10/1/23,8:37,21,Solidago spp.,SOLSPP,21,27,42,32,126,44,33,31,22,163,47,
54S,C,IV,2,54S.C.IV.2,4,10/1/23,8:37,21,Carphephorus bellidifolius,CARBEL,1,3,,,,,,,,,,
54S,C,II,1,54S.C.II.1RECRUIT,4,10/1/23,8:49,6,Chrysopsis gossypina,CHRGOS,77,1,1,1,1,1,1,2,1,1,2,
54S,C,II,1,54S.C.II.1RECRUIT,4,10/1/23,8:49,6,Pityopsis graminifolia,PITGRA,13,4,2,1,1,1,2,2,1,1,1,
54S,C,IV,1,54S.C.IV.1,4,10/1/23,8:06,7,Liatris spp.,LIASPP,1,17,,,,,,,,,,
54S,C,IV,1,54S.C.IV.1,4,10/1/23,8:06,7,Pityopsis graminifolia,PITGRA,36,3,3,2,2,1,3,3,2,3,2,
54S,C,IV,1,54S.C.IV.1,4,10/1/23,8:06,7,Chrysopsis gossypina,CHRGOS,58,1,2,2,1,2,1,2,1,2,2,
54S,C,IV,1,54S.C.IV.1,4,10/1/23,8:06,7,Solidago spp.,SOLSPP,62,13,147,137,159,104,19,118,42,74,155,
54S,C,IV,1,54S.C.IV.1,4,10/1/23,8:06,7,Desmodium spp.,DESSPP,2,23,8,,,,,,,,,
54S,C,IV,1,54S.C.IV.1,4,10/1/23,8:06,7,Carphephorus bellidifolius,CARBEL,2,1,5,,,,,,,,,
54S,C,IV,0,54S.C.IV.0,4,10/1/23,8:20,15,Carphephorus bellidifolius,CARBEL,16,8,8,7,5,4,11,13,26,6,8,
54S,C,IV,0,54S.C.IV.0,4,10/1/23,8:20,15,Solidago spp.,SOLSPP,54,81,102,41,100,90,44,17,24,129,113,
54S,C,IV,0,54S.C.IV.0,4,10/1/23,8:20,15,Pityopsis graminifolia,PITGRA,3,4,2,6,,,,,,,,
54S,C,IV,0,54S.C.IV.0,4,10/1/23,8:20,15,Chrysopsis gossypina,CHRGOS,52,1,2,3,2,2,2,1,1,1,1,
54S,C,IV,0,54S.C.IV.0,4,10/1/23,8:20,15,Liatris spp.,LIASPP,7,12,4,3,3,7,1,10,,,,
54S,C,IV,0,54S.C.IV.0,4,10/1/23,8:20,15,Desmodium spp.,DESSPP,4,21,18,22,19,,,,,,,
54S,C,IV,0,54S.C.IV.0,4,10/1/23,8:20,15,Eupatorium spp.,EUPSPP,1,31,,,,,,,,,,
54S,B,II,3,54S.B.II.3,4,9/30/23,9:25,4,Solidago spp.,SOLSPP,60,222,101,129,131,268,351,133,41,51,45,
54S,B,II,3,54S.B.II.3,4,9/30/23,9:25,4,Chrysopsis gossypina,CHRGOS,27,1,1,2,1,1,1,1,1,2,1,
54S,B,II,3,54S.B.II.3,4,9/30/23,9:25,4,Pityopsis graminifolia,PITGRA,6,10,1,1,2,1,2,,,,,
54S,B,II,3,54S.B.II.3,4,9/30/23,9:25,4,Sericocarpus tortifolius,SERTOR,7,131,99,24,20,23,13,49,,,,
54S,B,II,3,54S.B.II.3,4,9/30/23,9:25,4,Croptilon divaricatum,CRODIV,5,2,2,2,11,7,,,,,,
54S,B,II,3,54S.B.II.3,4,9/30/23,9:25,4,Eupatorium spp.,EUPSPP,5,67,27,44,79,23,,,,,,
54S,B,III,1,54S.B.III.1,4,9/30/23,8:38,1,Chrysopsis gossypina,CHRGOS,203,2,2,1,1,1,1,1,1,1,1,
54S,B,III,1,54S.B.III.1,4,9/30/23,8:38,1,Solidago spp.,SOLSPP,14,65,16,300,117,33,145,157,36,95,48,
54S,B,III,1,54S.B.III.1,4,9/30/23,8:38,1,Desmodium spp.,DESSPP,12,16,6,23,11,23,38,4,47,37,19,
54S,B,III,1,54S.B.III.1,4,9/30/23,8:38,1,Pityopsis graminifolia,PITGRA,6,7,8,5,6,7,1,,,,,
54S,B,III,1,54S.B.III.1,4,9/30/23,8:38,1,Chamaecrista spp.,CHASPP,1,2,,,,,,,,,,
54S,B,III,1,54S.B.III.1,4,9/30/23,8:38,1,Liatris spp.,LIASPP,1,3,,,,,,,,,,
54S,B,I,0,54S.B.I.0,4,9/30/23,8:58,8,Carphephorus bellidifolius,CARBEL,1,1,,,,,,,,,,
54S,B,I,0,54S.B.I.0,4,9/30/23,8:58,8,Liatris spp.,LIASPP,13,3,12,32,1,10,7,3,4,23,2,
54S,B,I,0,54S.B.I.0,4,9/30/23,8:58,8,Pityopsis graminifolia,PITGRA,20,1,7,3,4,4,2,4,6,1,3,
54S,B,I,0,54S.B.I.0,4,9/30/23,8:58,8,Chrysopsis gossypina,CHRGOS,26,1,3,1,4,4,1,1,1,2,1,
54S,B,I,0,54S.B.I.0,4,9/30/23,8:58,8,Desmodium spp.,DESSPP,3,54,26,31,,,,,,,,
54S,B,I,0,54S.B.I.0,4,9/30/23,8:58,8,Solidago spp.,SOLSPP,29,365,123,197,192,180,149,22,147,3,22,
54S,B,I,0,54S.B.I.0,4,9/30/23,8:58,8,Chamaecrista spp.,CHASPP,1,11,,,,,,,,,,
54S,E,II,1,54S.E.II.1,4,9/30/23,8:05,20,Pityopsis graminifolia,PITGRA,63,1,4,6,6,4,3,2,3,1,8,
54S,E,II,1,54S.E.II.1,4,9/30/23,8:05,20,Chrysopsis gossypina,CHRGOS,112,1,1,1,1,1,1,1,1,4,3,
54S,E,II,1,54S.E.II.1,4,9/30/23,8:05,20,Croptilon divaricatum,CRODIV,2,20,2,2,,,,,,,,
54S,E,II,1,54S.E.II.1,4,9/30/23,8:05,20,Chamaecrista spp.,CHASPP,8,21,3,5,1,1,1,2,1,,,
54S,E,II,1,54S.E.II.1,4,9/30/23,8:05,20,Eupatorium spp.,EUPSPP,3,36,113,108,,,,,,,,
54S,E,II,1,54S.E.II.1,4,9/30/23,8:05,20,Desmodium spp.,DESSPP,1,39,,,,,,,,,,
54S,E,II,0,54S.E.II.0,4,9/30/23,8:18,3,Desmodium spp.,DESSPP,4,24,12,32,43,,,,,,,
54S,E,II,0,54S.E.II.0,4,9/30/23,8:18,3,Chrysopsis gossypina,CHRGOS,88,3,1,1,4,1,2,1,3,1,2,
54S,E,II,0,54S.E.II.0,4,9/30/23,8:18,3,Pityopsis graminifolia,PITGRA,12,3,3,2,5,1,3,2,1,2,4,
54S,E,II,0,54S.E.II.0,4,9/30/23,8:18,3,Eupatorium spp.,EUPSPP,5,162,75,74,122,235,,,,,,
54S,E,II,0,54S.E.II.0,4,9/30/23,8:18,3,Croptilon divaricatum,CRODIV,1,8,,,,,,,,,,
54S,E,II,0,54S.E.II.0,4,9/30/23,8:18,3,Chamaecrista spp.,CHASPP,1,2,,,,,,,,,,
57,E,I,0,57.E.I.0,4,10/1/23,2:05,1,Eupatorium spp.,EUPSPP,1,55,,,,,,,,,,
57,E,I,0,57.E.I.0,4,10/1/23,2:05,1,Chrysopsis gossypina,CHRGOS,4,2,3,1,1,,,,,,,
57,E,I,0,57.E.I.0,4,10/1/23,2:05,1,Solidago spp.,SOLSPP,1,3,,,,,,,,,,
57,E,I,0,57.E.I.0,4,10/1/23,2:05,1,Sericocarpus tortifolius,SERTOR,4,3,6,9,4,,,,,,,
57,E,I,0,57.E.I.0,4,10/1/23,2:05,1,Liatris spp.,LIASPP,9,3,1,2,11,3,5,2,6,2,,
57,E,I,0,57.E.I.0,4,10/1/23,2:05,1,Hieracium gronovii,HIEGRO,1,2,,,,,,,,,,
57,B,II,1,57.B.II.1,4,10/1/23,2:32,1,Solidago spp.,SOLSPP,43,44,95,44,73,73,35,54,52,45,185,
57,B,II,1,57.B.II.1,4,10/1/23,2:32,1,Carphephorus bellidifolius,CARBEL,1,1,,,,,,,,,,
57,B,II,1,57.B.II.1,4,10/1/23,2:32,1,Eupatorium spp.,EUPSPP,1,27,,,,,,,,,,
57,C,III,1,57.C.III.1,4,10/1/23,3:00,4,Solidago spp.,SOLSPP,83,232,182,95,64,80,44,18,68,30,27,
57,C,III,1,57.C.III.1,4,10/1/23,3:00,4,Carphephorus bellidifolius,CARBEL,2,2,2,,,,,,,,,
57,C,III,1,57.C.III.1,4,10/1/23,3:00,4,Pityopsis graminifolia,PITGRA,1,1,,,,,,,,,,
57,C,III,1,57.C.III.1,4,10/1/23,3:00,4,Liatris spp.,LIASPP,3,9,6,5,,,,,,,,